symbol,timestamp,open,high,low,close,volume,trade_count,vwap
NLOP,2023-11-02 04:00:00+00:00,12.51,13.51,9.5,10.47,3165439.0,18472.0,10.763643
NLOP,2023-11-03 04:00:00+00:00,11.0,13.295,10.985,12.92,1441333.0,16570.0,12.581282
NLOP,2023-11-06 05:00:00+00:00,11.8,13.12,11.554,12.51,694239.0,9252.0,12.573566
NLOP,2023-11-07 05:00:00+00:00,11.39,12.155,11.0,11.66,1335688.0,13329.0,11.669266
NLOP,2023-11-08 05:00:00+00:00,11.32,13.11,11.3128,12.8,785811.0,8999.0,12.615887
NLOP,2023-11-09 05:00:00+00:00,12.03,13.735,11.9,12.69,934929.0,8767.0,12.96233
NLOP,2023-11-10 05:00:00+00:00,12.05,15.14,12.05,15.11,1783850.0,9783.0,14.267929
NLOP,2023-11-13 05:00:00+00:00,15.28,16.66,15.27,15.6,650891.0,8020.0,15.755822
NLOP,2023-11-14 05:00:00+00:00,15.66,16.26,15.29,15.67,523095.0,6464.0,15.643341
NLOP,2023-11-15 05:00:00+00:00,15.67,16.05,15.6301,15.81,444402.0,5512.0,15.794176
NLOP,2023-11-16 05:00:00+00:00,15.82,16.5499,15.56,15.68,302783.0,4379.0,15.890409
NLOP,2023-11-17 05:00:00+00:00,15.63,15.84,15.2101,15.82,211807.0,3628.0,15.532312
NLOP,2023-11-20 05:00:00+00:00,15.82,17.61,15.77,16.65,338963.0,4873.0,16.786013
NLOP,2023-11-21 05:00:00+00:00,16.65,16.79,15.91,15.92,235778.0,3488.0,16.212141
NLOP,2023-11-22 05:00:00+00:00,15.78,16.07,15.55,15.71,118986.0,2286.0,15.760537
NLOP,2023-11-24 05:00:00+00:00,15.42,16.0,15.33,15.85,39599.0,1360.0,15.721488
NLOP,2023-11-27 05:00:00+00:00,15.35,15.81,15.35,15.71,148813.0,3107.0,15.632921
NLOP,2023-11-28 05:00:00+00:00,15.52,15.99,15.41,15.93,175575.0,2986.0,15.685902
NLOP,2023-11-29 05:00:00+00:00,15.67,17.14,15.6001,16.75,156428.0,3288.0,16.476455
NLOP,2023-11-30 05:00:00+00:00,16.49,16.73,16.11,16.35,203397.0,3182.0,16.413536
NLOP,2023-12-01 05:00:00+00:00,16.35,19.195,16.17,18.74,354581.0,4975.0,18.066005
NLOP,2023-12-04 05:00:00+00:00,18.75,19.21,18.365,18.94,255836.0,4066.0,18.794641
NLOP,2023-12-05 05:00:00+00:00,18.9,19.25,18.74,19.0,170757.0,3646.0,18.954582
NLOP,2023-12-06 05:00:00+00:00,18.95,19.9399,18.61,19.67,217612.0,4059.0,19.586267
NLOP,2023-12-07 05:00:00+00:00,19.53,19.58,18.5015,19.09,437074.0,3744.0,19.016027
NLOP,2023-12-08 05:00:00+00:00,18.58,19.58,18.58,19.5,216309.0,2984.0,19.112601
NLOP,2023-12-11 05:00:00+00:00,19.5,19.9,19.375,19.64,290648.0,3272.0,19.660831
NLOP,2023-12-12 05:00:00+00:00,19.6,20.66,19.25,20.45,432845.0,3497.0,20.268635
NLOP,2023-12-13 05:00:00+00:00,20.12,20.4764,18.31,19.58,645420.0,4644.0,19.310897
NLOP,2023-12-14 05:00:00+00:00,19.32,20.56,19.32,19.64,173577.0,3936.0,19.989072
NLOP,2023-12-15 05:00:00+00:00,19.48,19.82,17.3,17.81,452178.0,4315.0,18.020994
NLOP,2023-12-18 05:00:00+00:00,17.48,17.68,16.83,16.85,197783.0,3436.0,17.334293
NLOP,2023-12-19 05:00:00+00:00,16.61,17.6799,16.61,17.25,208106.0,3376.0,17.274035
NLOP,2023-12-20 05:00:00+00:00,16.69,17.24,16.04,16.28,275804.0,3730.0,16.819209
NLOP,2023-12-21 05:00:00+00:00,16.1,17.005,16.1,16.7,134213.0,2468.0,16.624979
NLOP,2023-12-22 05:00:00+00:00,16.73,17.55,16.72,17.26,126657.0,2578.0,17.161991
NLOP,2023-12-26 05:00:00+00:00,16.92,18.2445,16.92,18.11,82406.0,2217.0,17.903042
NLOP,2023-12-27 05:00:00+00:00,18.72,19.3,18.54,18.63,148399.0,3069.0,18.884523
NLOP,2023-12-28 05:00:00+00:00,18.26,18.86,18.2349,18.58,102996.0,2499.0,18.520284
NLOP,2023-12-29 05:00:00+00:00,18.33,18.68,18.02,18.48,115850.0,2179.0,18.413255
NLOP,2024-01-02 05:00:00+00:00,18.14,19.0,18.05,18.16,96003.0,2559.0,18.436863
NLOP,2024-01-03 05:00:00+00:00,17.89,17.89,16.835,17.26,105886.0,2954.0,17.254129
NLOP,2024-01-04 05:00:00+00:00,17.0,17.63,17.0,17.21,137437.0,3087.0,17.323408
NLOP,2024-01-05 05:00:00+00:00,17.25,18.24,17.14,17.7,169015.0,3031.0,17.723974
NLOP,2024-01-08 05:00:00+00:00,17.71,17.71,17.11,17.47,243416.0,3734.0,17.470638
NLOP,2024-01-09 05:00:00+00:00,17.21,17.62,16.87,17.3,131384.0,2854.0,17.277265
NLOP,2024-01-10 05:00:00+00:00,17.3,17.54,17.165,17.4,121665.0,2543.0,17.335103
NLOP,2024-01-11 05:00:00+00:00,18.15,20.25,18.13,20.0,631304.0,9069.0,19.358882
NLOP,2024-01-12 05:00:00+00:00,20.14,23.12,20.14,22.71,501417.0,11444.0,22.530176
NLOP,2024-01-16 05:00:00+00:00,22.8,24.2,22.66,23.18,457943.0,9766.0,23.376989
NLOP,2024-01-17 05:00:00+00:00,22.72,24.15,22.72,23.2,361094.0,6850.0,23.465094
NLOP,2024-01-18 05:00:00+00:00,23.2,23.8981,22.85,23.1,330201.0,5563.0,23.542666
NLOP,2024-01-19 05:00:00+00:00,23.11,24.79,22.95,24.54,263881.0,5620.0,24.213989
NLOP,2024-01-22 05:00:00+00:00,24.47,24.59,23.74,24.22,230540.0,4726.0,24.182799
NLOP,2024-01-23 05:00:00+00:00,25.2,25.8167,23.52,23.84,546589.0,7133.0,24.797968
NLOP,2024-01-24 05:00:00+00:00,24.0,24.94,23.77,24.32,209010.0,4950.0,24.318587
NLOP,2024-01-25 05:00:00+00:00,24.46,25.66,24.3827,24.94,145838.0,3121.0,24.852032
NLOP,2024-01-26 05:00:00+00:00,25.26,25.622,24.87,25.31,122048.0,2948.0,25.277313
NLOP,2024-01-29 05:00:00+00:00,25.14,25.6,25.0,25.4,106614.0,3191.0,25.312434
NLOP,2024-01-30 05:00:00+00:00,25.25,25.55,24.98,25.27,192528.0,9531.0,25.25363
NLOP,2024-01-31 05:00:00+00:00,25.15,25.5,24.75,24.78,199680.0,4208.0,24.973435
NLOP,2024-02-01 05:00:00+00:00,24.57,25.11,24.46,25.05,267735.0,4165.0,24.851693
NLOP,2024-02-02 05:00:00+00:00,24.51,25.41,24.51,24.65,251579.0,3810.0,24.854219
NLOP,2024-02-05 05:00:00+00:00,24.35,24.65,23.855,24.01,168630.0,3961.0,24.107309
NLOP,2024-02-06 05:00:00+00:00,23.98,24.19,23.59,23.91,193151.0,4589.0,23.824746
NLOP,2024-02-07 05:00:00+00:00,23.95,24.4,23.3,23.75,182144.0,3501.0,23.821277
NLOP,2024-02-08 05:00:00+00:00,23.69,23.94,23.445,23.81,162174.0,3253.0,23.734667
NLOP,2024-02-09 05:00:00+00:00,23.66,25.3,23.6,24.91,324854.0,3887.0,24.727406
NLOP,2024-02-12 05:00:00+00:00,24.88,25.13,24.705,24.82,74590.0,2895.0,24.848116
NLOP,2024-02-13 05:00:00+00:00,24.45,25.26,24.39,24.71,106860.0,2933.0,24.731912
NLOP,2024-02-14 05:00:00+00:00,24.7,26.27,24.7,26.14,465786.0,3385.0,25.877185
NLOP,2024-02-15 05:00:00+00:00,26.1,27.14,25.71,26.72,459698.0,4080.0,26.159128
NLOP,2024-02-16 05:00:00+00:00,26.69,27.77,26.23,27.06,275731.0,3871.0,27.021566
NLOP,2024-02-20 05:00:00+00:00,27.0,27.39,26.78,27.26,142209.0,2938.0,27.125929
NLOP,2024-02-21 05:00:00+00:00,27.17,27.305,26.52,26.65,550297.0,2308.0,26.777636
NLOP,2024-02-22 05:00:00+00:00,26.65,26.82,25.87,26.16,217775.0,2964.0,26.209679
NLOP,2024-02-23 05:00:00+00:00,26.05,26.5,25.94,26.38,192907.0,2131.0,26.299662
NLOP,2024-02-26 05:00:00+00:00,26.47,27.08,26.22,26.23,204603.0,2902.0,26.571171
NLOP,2024-02-27 05:00:00+00:00,26.25,27.04,25.92,26.03,104461.0,3450.0,26.316354
NLOP,2024-02-28 05:00:00+00:00,25.77,25.9652,24.88,24.9,285141.0,3601.0,25.094795
NLOP,2024-02-29 05:00:00+00:00,24.9,25.81,23.93,24.39,368139.0,4743.0,24.324593
NLOP,2024-03-01 05:00:00+00:00,24.45,24.65,23.98,24.41,122090.0,3458.0,24.324846
NLOP,2024-03-04 05:00:00+00:00,24.18,24.28,23.58,24.01,358852.0,3978.0,23.95804
NLOP,2024-03-05 05:00:00+00:00,23.89,24.37,23.77,23.91,106876.0,2866.0,23.975449
NLOP,2024-03-06 05:00:00+00:00,23.94,24.32,23.82,24.02,265058.0,3736.0,24.069566
NLOP,2024-03-07 05:00:00+00:00,24.17,24.17,23.62,23.9,192969.0,3465.0,23.776661
NLOP,2024-03-08 05:00:00+00:00,23.81,24.2937,23.25,23.27,232244.0,4758.0,23.578548
NLOP,2024-03-11 04:00:00+00:00,23.36,25.19,23.36,24.52,178036.0,3927.0,24.321347
NLOP,2024-03-12 04:00:00+00:00,24.38,24.47,23.4,23.79,452040.0,3966.0,23.73614
NLOP,2024-03-13 04:00:00+00:00,23.71,24.11,23.7,23.79,352449.0,2827.0,23.836916
NLOP,2024-03-14 04:00:00+00:00,23.78,23.91,23.4,23.72,110859.0,3251.0,23.686141
NLOP,2024-03-15 04:00:00+00:00,23.55,24.21,22.98,23.0,1232748.0,4304.0,23.051758
NLOP,2024-03-18 04:00:00+00:00,23.1,23.22,22.73,22.86,159003.0,3556.0,22.916914
NLOP,2024-03-19 04:00:00+00:00,22.74,23.3,22.5145,23.13,415875.0,3532.0,23.063103
NLOP,2024-03-20 04:00:00+00:00,22.65,23.27,22.4,23.1,134110.0,2913.0,22.856361
NLOP,2024-03-21 04:00:00+00:00,23.12,23.74,23.12,23.68,85704.0,2712.0,23.515658
NLOP,2024-03-22 04:00:00+00:00,23.72,23.78,23.5,23.65,91767.0,2639.0,23.633174
NLOP,2024-03-25 04:00:00+00:00,23.85,24.01,23.28,23.28,68973.0,1779.0,23.583577
NLOP,2024-03-26 04:00:00+00:00,23.28,23.45,22.815,22.83,88525.0,2382.0,22.922115
NLOP,2024-03-27 04:00:00+00:00,23.0,23.64,22.905,23.6,103442.0,2219.0,23.375884
NLOP,2024-03-28 04:00:00+00:00,23.59,24.02,23.59,23.8,262967.0,2099.0,23.818665
NLOP,2024-04-01 04:00:00+00:00,23.8,23.8,23.1,23.34,84100.0,2634.0,23.399384
NLOP,2024-04-02 04:00:00+00:00,23.14,23.62,22.33,23.59,127996.0,3641.0,23.149973
NLOP,2024-04-03 04:00:00+00:00,23.42,23.67,22.95,23.65,140785.0,2937.0,23.331208
NLOP,2024-04-04 04:00:00+00:00,23.84,24.445,23.44,23.44,220238.0,2673.0,24.042027
NLOP,2024-04-05 04:00:00+00:00,23.0,23.5,22.64,23.26,162671.0,4365.0,23.092273
NLOP,2024-04-08 04:00:00+00:00,23.19,24.16,23.19,23.66,217587.0,2550.0,23.752956
NLOP,2024-04-09 04:00:00+00:00,23.66,24.44,23.49,24.38,385463.0,3377.0,24.077072
NLOP,2024-04-10 04:00:00+00:00,24.0,24.055,23.375,23.54,239676.0,2714.0,23.660273
NLOP,2024-04-11 04:00:00+00:00,23.58,23.9199,23.28,23.66,93226.0,2165.0,23.622368
NLOP,2024-04-12 04:00:00+00:00,23.47,23.59,23.07,23.07,179663.0,3214.0,23.232101
NLOP,2024-04-15 04:00:00+00:00,23.08,23.36,22.415,22.65,316318.0,2673.0,22.680679
NLOP,2024-04-16 04:00:00+00:00,22.52,22.69,22.32,22.41,218339.0,2685.0,22.451312
NLOP,2024-04-17 04:00:00+00:00,22.45,22.67,22.22,22.27,125276.0,2717.0,22.385531
NLOP,2024-04-18 04:00:00+00:00,22.27,23.02,22.16,22.98,228080.0,4236.0,22.74476
NLOP,2024-04-19 04:00:00+00:00,23.16,23.7,22.9,22.98,317865.0,3390.0,23.260134
NLOP,2024-04-22 04:00:00+00:00,23.0,23.73,23.0,23.69,63276.0,2068.0,23.520874
NLOP,2024-04-23 04:00:00+00:00,23.65,24.08,23.47,23.7,217342.0,3518.0,23.79318
NLOP,2024-04-24 04:00:00+00:00,23.48,23.51,22.89,23.04,70465.0,2730.0,23.10981
NLOP,2024-04-25 04:00:00+00:00,22.93,22.99,22.44,22.71,291011.0,2387.0,22.696807
NLOP,2024-04-26 04:00:00+00:00,22.55,22.95,22.49,22.91,296374.0,2805.0,22.696956
NLOP,2024-04-29 04:00:00+00:00,22.92,23.41,22.79,23.09,353601.0,3212.0,23.039986
NLOP,2024-04-30 04:00:00+00:00,22.87,23.5196,22.775,22.86,190922.0,2344.0,23.102541
NLOP,2024-05-01 04:00:00+00:00,22.87,23.48,22.86,22.97,253946.0,2257.0,23.086366
NLOP,2024-05-02 04:00:00+00:00,24.5,24.84,23.58,23.63,493598.0,5778.0,23.905076
NLOP,2024-05-03 04:00:00+00:00,24.27,24.86,24.13,24.81,289163.0,5209.0,24.625568
NLOP,2024-05-06 04:00:00+00:00,24.93,25.0,24.24,24.57,277965.0,3832.0,24.516414
NLOP,2024-05-07 04:00:00+00:00,24.6,24.79,24.18,24.36,320196.0,3944.0,24.4304
NLOP,2024-05-08 04:00:00+00:00,23.87,24.42,23.825,24.22,382707.0,3547.0,24.170122
NLOP,2024-05-09 04:00:00+00:00,24.5,24.5937,24.06,24.18,133310.0,2750.0,24.304277
NLOP,2024-05-10 04:00:00+00:00,24.18,24.3361,23.7,23.97,122354.0,2393.0,23.876221
NLOP,2024-05-13 04:00:00+00:00,23.98,24.2427,23.675,24.0,413017.0,3289.0,23.976175
NLOP,2024-05-14 04:00:00+00:00,24.14,24.31,23.575,24.15,150492.0,3646.0,23.943498
NLOP,2024-05-15 04:00:00+00:00,24.42,24.42,23.68,23.76,226008.0,3559.0,24.024171
NLOP,2024-05-16 04:00:00+00:00,23.71,24.21,23.6428,24.05,112171.0,3499.0,23.984298
NLOP,2024-05-17 04:00:00+00:00,24.05,25.33,24.05,24.89,197899.0,3748.0,24.762733
NLOP,2024-05-20 04:00:00+00:00,24.86,25.4799,24.19,24.21,171177.0,4082.0,24.4859
NLOP,2024-05-21 04:00:00+00:00,24.11,24.554,23.65,23.68,104485.0,3355.0,23.830546
NLOP,2024-05-22 04:00:00+00:00,23.51,23.96,23.3926,23.74,94533.0,2980.0,23.727308
NLOP,2024-05-23 04:00:00+00:00,23.82,23.82,22.74,22.85,130090.0,4214.0,23.21765
NLOP,2024-05-24 04:00:00+00:00,23.01,23.81,22.995,23.71,121395.0,2763.0,23.567787
NLOP,2024-05-28 04:00:00+00:00,23.68,24.6,23.12,23.24,160986.0,4830.0,23.482296
NLOP,2024-05-29 04:00:00+00:00,22.89,23.09,22.62,22.83,232838.0,3845.0,22.801457
NLOP,2024-05-30 04:00:00+00:00,23.0,23.105,22.73,22.98,79166.0,2558.0,22.964029
NLOP,2024-05-31 04:00:00+00:00,23.05,23.82,22.9001,23.74,93156.0,2876.0,23.527194
NLOP,2024-06-03 04:00:00+00:00,23.95,23.95,22.72,22.84,137200.0,3240.0,23.022354
NLOP,2024-06-04 04:00:00+00:00,22.73,23.3,22.72,23.19,85823.0,2372.0,23.048878
NLOP,2024-06-05 04:00:00+00:00,23.25,23.5,22.48,22.55,169778.0,3450.0,22.698999
NLOP,2024-06-06 04:00:00+00:00,22.36,22.76,22.36,22.74,134426.0,3755.0,22.58813
NLOP,2024-06-07 04:00:00+00:00,22.44,22.77,22.37,22.65,107113.0,3460.0,22.647466
NLOP,2024-06-10 04:00:00+00:00,22.5,23.28,22.5,23.26,79041.0,3106.0,23.018185
NLOP,2024-06-11 04:00:00+00:00,24.07,25.13,24.03,24.47,485229.0,8203.0,24.52304
NLOP,2024-06-12 04:00:00+00:00,24.83,25.07,24.25,24.3,515589.0,8410.0,24.572755
NLOP,2024-06-13 04:00:00+00:00,24.3,25.11,24.3,24.82,232781.0,4998.0,24.768673
NLOP,2024-06-14 04:00:00+00:00,24.73,25.3,24.53,24.85,294054.0,5086.0,24.768798
NLOP,2024-06-17 04:00:00+00:00,24.65,25.3641,24.58,25.05,279575.0,5012.0,24.968302
NLOP,2024-06-18 04:00:00+00:00,24.9,25.14,24.56,24.73,194798.0,4265.0,24.827711
NLOP,2024-06-20 04:00:00+00:00,24.53,24.65,23.69,24.18,238839.0,5403.0,24.067543
NLOP,2024-06-21 04:00:00+00:00,24.26,24.57,23.85,24.07,496424.0,4166.0,24.117898
NLOP,2024-06-24 04:00:00+00:00,24.13,24.47,24.01,24.38,168256.0,4273.0,24.28232
NLOP,2024-06-25 04:00:00+00:00,24.4,24.79,24.055,24.26,248980.0,4691.0,24.391552
NLOP,2024-06-26 04:00:00+00:00,24.09,24.47,23.86,24.24,136625.0,3808.0,24.127834
NLOP,2024-06-27 04:00:00+00:00,24.33,24.83,23.84,24.08,240569.0,5584.0,24.130621
NLOP,2024-06-28 04:00:00+00:00,24.11,24.79,23.86,24.62,2159159.0,5984.0,24.605199
NLOP,2024-07-01 04:00:00+00:00,24.66,24.73,24.01,24.39,135159.0,3092.0,24.403581
NLOP,2024-07-02 04:00:00+00:00,24.49,25.6099,24.38,25.22,179158.0,3789.0,25.167715
NLOP,2024-07-03 04:00:00+00:00,25.2,25.36,25.05,25.07,64040.0,1795.0,25.19485
NLOP,2024-07-05 04:00:00+00:00,25.2,25.21,24.3,24.34,212323.0,2689.0,24.490121
NLOP,2024-07-08 04:00:00+00:00,24.34,24.59,23.68,23.8,175370.0,3557.0,23.992429
NLOP,2024-07-09 04:00:00+00:00,23.8,24.04,23.54,23.68,124988.0,2547.0,23.773412
NLOP,2024-07-10 04:00:00+00:00,23.6,24.26,23.45,24.26,172186.0,2909.0,23.886772
NLOP,2024-07-11 04:00:00+00:00,24.53,25.34,23.38,25.1,451277.0,5210.0,24.870881
NLOP,2024-07-12 04:00:00+00:00,25.26,25.775,25.07,25.55,147306.0,3130.0,25.510534
NLOP,2024-07-15 04:00:00+00:00,25.56,27.0,25.47,26.92,512447.0,5952.0,26.252487
NLOP,2024-07-16 04:00:00+00:00,27.0,27.49,26.28,26.54,316316.0,3756.0,26.671202
NLOP,2024-07-17 04:00:00+00:00,26.43,26.73,26.18,26.72,393644.0,3106.0,26.536014
NLOP,2024-07-18 04:00:00+00:00,26.61,26.99,26.08,26.19,105470.0,3010.0,26.445263
NLOP,2024-07-19 04:00:00+00:00,25.75,26.17,25.64,25.8,274433.0,3139.0,25.844332
NLOP,2024-07-22 04:00:00+00:00,25.8,26.3,25.75,26.19,175749.0,3143.0,26.086006
NLOP,2024-07-23 04:00:00+00:00,26.01,27.75,26.01,27.59,295753.0,3255.0,27.316852
NLOP,2024-07-24 04:00:00+00:00,27.5,28.5099,27.49,28.18,515514.0,3659.0,28.123661
NLOP,2024-07-25 04:00:00+00:00,28.59,29.55,28.12,28.9,339260.0,5552.0,28.869401
NLOP,2024-07-26 04:00:00+00:00,28.91,29.27,28.43,28.75,398787.0,3260.0,28.792473
NLOP,2024-07-29 04:00:00+00:00,28.89,30.015,28.555,29.82,346869.0,3874.0,29.608535
NLOP,2024-07-30 04:00:00+00:00,30.0,30.0,29.16,29.5,340054.0,3551.0,29.491329
NLOP,2024-07-31 04:00:00+00:00,29.5,30.0,28.64,29.51,446888.0,3235.0,29.451033
NLOP,2024-08-01 04:00:00+00:00,29.46,29.78,29.15,29.24,235280.0,4013.0,29.411043
NLOP,2024-08-02 04:00:00+00:00,28.57,29.245,28.4,28.47,133861.0,2836.0,28.594001
NLOP,2024-08-05 04:00:00+00:00,27.34,28.16,26.8398,27.64,241998.0,5080.0,27.765875
NLOP,2024-08-06 04:00:00+00:00,27.6,28.6599,27.5,28.14,305614.0,2694.0,28.132464
NLOP,2024-08-07 04:00:00+00:00,28.5,28.8799,28.28,28.51,292140.0,3290.0,28.527133
NLOP,2024-08-08 04:00:00+00:00,29.21,31.12,29.21,30.38,443849.0,4299.0,30.582311
NLOP,2024-08-09 04:00:00+00:00,30.68,30.68,30.01,30.26,412589.0,2990.0,30.226291
NLOP,2024-08-12 04:00:00+00:00,30.28,30.3899,29.44,29.75,93978.0,2494.0,29.772941
NLOP,2024-08-13 04:00:00+00:00,29.9,29.925,29.49,29.68,240794.0,2321.0,29.703917
NLOP,2024-08-14 04:00:00+00:00,29.87,30.07,29.41,29.46,99266.0,2729.0,29.641484
NLOP,2024-08-15 04:00:00+00:00,29.88,30.19,29.5,30.07,236416.0,3126.0,29.982495
NLOP,2024-08-16 04:00:00+00:00,30.1,30.45,30.01,30.07,408800.0,3475.0,30.169198
NLOP,2024-08-19 04:00:00+00:00,30.13,30.9,29.95,30.53,98974.0,2458.0,30.543526
NLOP,2024-08-20 04:00:00+00:00,30.59,30.59,29.71,30.11,227665.0,2632.0,30.097043
NLOP,2024-08-21 04:00:00+00:00,30.31,30.82,30.16,30.32,242683.0,2014.0,30.414908
NLOP,2024-08-22 04:00:00+00:00,30.36,30.396,29.5,29.57,92870.0,2058.0,29.802581
NLOP,2024-08-23 04:00:00+00:00,29.57,30.75,29.555,30.22,190528.0,2763.0,30.364647
NLOP,2024-08-26 04:00:00+00:00,30.52,31.12,29.9955,30.84,134384.0,2309.0,30.765079
NLOP,2024-08-27 04:00:00+00:00,30.52,30.76,30.19,30.27,248820.0,2034.0,30.421682
NLOP,2024-08-28 04:00:00+00:00,30.03,30.75,29.97,30.15,125678.0,2480.0,30.210685
NLOP,2024-08-29 04:00:00+00:00,30.23,30.79,29.9587,30.56,227577.0,3154.0,30.474827
NLOP,2024-08-30 04:00:00+00:00,30.69,30.88,30.05,30.31,175062.0,2303.0,30.318451
NLOP,2024-09-03 04:00:00+00:00,30.05,30.35,29.92,30.0,238442.0,2905.0,30.073256
NLOP,2024-09-04 04:00:00+00:00,29.92,30.69,29.82,30.19,274515.0,2815.0,30.295805
NLOP,2024-09-05 04:00:00+00:00,30.12,30.39,29.34,29.46,95887.0,3214.0,29.686869
NLOP,2024-09-06 04:00:00+00:00,29.31,29.657,28.82,29.55,167966.0,2877.0,29.299984
NLOP,2024-09-09 04:00:00+00:00,29.34,29.88,29.18,29.46,94628.0,3288.0,29.468335
NLOP,2024-09-10 04:00:00+00:00,29.34,29.79,29.19,29.76,87701.0,2368.0,29.457796
NLOP,2024-09-11 04:00:00+00:00,29.44,29.615,29.15,29.34,55219.0,1823.0,29.395662
NLOP,2024-09-12 04:00:00+00:00,29.64,30.08,29.18,29.26,77349.0,2084.0,29.419625
NLOP,2024-09-13 04:00:00+00:00,29.5,30.3,29.37,30.0,111078.0,2480.0,29.922013
NLOP,2024-09-16 04:00:00+00:00,30.0,30.24,29.63,30.21,53943.0,2394.0,30.021008
NLOP,2024-09-17 04:00:00+00:00,30.29,31.24,30.16,30.87,225779.0,3340.0,30.844001
NLOP,2024-09-18 04:00:00+00:00,31.03,31.82,30.42,31.18,105339.0,2685.0,31.299263
NLOP,2024-09-19 04:00:00+00:00,31.71,32.24,31.05,31.81,296020.0,4046.0,31.79539
NLOP,2024-09-20 04:00:00+00:00,31.45,31.66,30.26,30.28,434901.0,3813.0,30.519728
NLOP,2024-09-23 04:00:00+00:00,30.28,30.68,30.0611,30.5,91574.0,3394.0,30.381106
NLOP,2024-09-24 04:00:00+00:00,30.98,32.0,30.625,31.43,104348.0,3054.0,31.496364
NLOP,2024-09-25 04:00:00+00:00,31.17,31.5799,30.86,30.86,157298.0,2386.0,31.061718
NLOP,2024-09-26 04:00:00+00:00,31.39,31.39,30.52,30.76,332534.0,3737.0,30.800118
NLOP,2024-09-27 04:00:00+00:00,31.06,31.5886,30.71,30.76,71786.0,2690.0,30.956791
NLOP,2024-09-30 04:00:00+00:00,30.56,31.08,30.31,30.62,205988.0,2722.0,30.633076
NLOP,2024-10-01 04:00:00+00:00,30.62,30.7499,30.07,30.41,83093.0,2768.0,30.419135
NLOP,2024-10-02 04:00:00+00:00,30.34,30.75,29.81,30.22,92638.0,2767.0,30.16626
NLOP,2024-10-03 04:00:00+00:00,30.24,30.24,29.54,29.7,131565.0,1723.0,29.749743
NLOP,2024-10-04 04:00:00+00:00,30.06,30.39,29.9,30.08,55839.0,1952.0,30.08886
NLOP,2024-10-07 04:00:00+00:00,29.86,30.19,29.44,29.92,147245.0,2498.0,29.812414
NLOP,2024-10-08 04:00:00+00:00,29.81,30.36,29.775,30.22,192132.0,2229.0,30.144875
NLOP,2024-10-09 04:00:00+00:00,30.06,30.18,29.72,30.07,60046.0,1891.0,30.02474
NLOP,2024-10-10 04:00:00+00:00,29.78,30.48,29.78,30.23,55330.0,1880.0,30.166159
NLOP,2024-10-11 04:00:00+00:00,30.22,31.05,30.22,31.02,53769.0,1684.0,30.865335
NLOP,2024-10-14 04:00:00+00:00,31.02,31.27,30.77,30.81,64765.0,2216.0,30.914051
NLOP,2024-10-15 04:00:00+00:00,31.1,31.585,31.1,31.36,106065.0,3810.0,31.416599
NLOP,2024-10-16 04:00:00+00:00,31.53,31.75,30.9302,31.16,75409.0,2271.0,31.229102
NLOP,2024-10-17 04:00:00+00:00,30.88,31.08,30.5101,31.03,33343.0,1797.0,30.961517
NLOP,2024-10-18 04:00:00+00:00,31.05,31.1,30.69,30.98,73661.0,1766.0,30.916323
NLOP,2024-10-21 04:00:00+00:00,30.81,30.895,30.24,30.3,73123.0,1960.0,30.402145
NLOP,2024-10-22 04:00:00+00:00,30.74,31.31,30.1,30.37,76079.0,1851.0,30.517182
NLOP,2024-10-23 04:00:00+00:00,29.99,30.46,29.99,30.37,66980.0,2015.0,30.253877
NLOP,2024-10-24 04:00:00+00:00,30.21,30.39,29.74,29.93,97781.0,2954.0,29.986106
NLOP,2024-10-25 04:00:00+00:00,30.18,30.275,29.555,29.61,43511.0,1517.0,29.726918
NLOP,2024-10-28 04:00:00+00:00,29.8,30.44,29.59,30.36,60602.0,1687.0,30.198506
NLOP,2024-10-29 04:00:00+00:00,30.37,30.635,29.98,30.03,84222.0,2265.0,30.114678
NLOP,2024-10-30 04:00:00+00:00,30.02,30.55,30.02,30.35,77084.0,1823.0,30.350142
NLOP,2024-10-31 04:00:00+00:00,30.35,30.55,30.01,30.04,46798.0,1436.0,30.198486
NLOP,2024-11-01 04:00:00+00:00,30.22,30.33,29.7,30.14,60943.0,2795.0,30.042856
NLOP,2024-11-04 05:00:00+00:00,30.01,30.91,29.84,30.46,88727.0,2438.0,30.336167
NLOP,2024-11-05 05:00:00+00:00,30.4,30.81,29.965,30.72,79500.0,2593.0,30.398042
NLOP,2024-11-06 05:00:00+00:00,31.01,31.53,30.82,31.48,112046.0,4004.0,31.372543
NLOP,2024-11-07 05:00:00+00:00,31.4,32.82,31.3,31.65,83114.0,2810.0,31.973586
NLOP,2024-11-08 05:00:00+00:00,31.84,32.94,31.6,32.09,113837.0,2796.0,32.263633
NLOP,2024-11-11 05:00:00+00:00,32.33,32.375,31.65,32.14,78557.0,2934.0,32.09414
NLOP,2024-11-12 05:00:00+00:00,31.86,32.2,31.51,31.75,102072.0,3281.0,31.778761
NLOP,2024-11-13 05:00:00+00:00,32.0,32.13,31.11,31.42,73056.0,2062.0,31.483896
NLOP,2024-11-14 05:00:00+00:00,31.4,31.4,30.85,31.12,80905.0,1731.0,31.106105
NLOP,2024-11-15 05:00:00+00:00,31.33,31.33,30.55,30.94,68240.0,2184.0,30.857089
NLOP,2024-11-18 05:00:00+00:00,30.8,31.1434,30.43,30.52,58990.0,1716.0,30.667217
NLOP,2024-11-19 05:00:00+00:00,30.29,31.02,30.23,30.98,100570.0,2379.0,30.692376
NLOP,2024-11-20 05:00:00+00:00,30.67,31.14,30.5,31.12,89317.0,2093.0,30.835238
NLOP,2024-11-21 05:00:00+00:00,31.21,31.375,30.99,31.09,66883.0,1975.0,31.155415
NLOP,2024-11-22 05:00:00+00:00,31.08,31.31,30.62,31.1,79990.0,2536.0,30.962921
NLOP,2024-11-25 05:00:00+00:00,31.09,31.79,30.8,31.57,91583.0,2855.0,31.424259
NLOP,2024-11-26 05:00:00+00:00,31.5,31.67,30.92,31.34,61923.0,2070.0,31.302515
NLOP,2024-11-27 05:00:00+00:00,31.53,32.19,31.32,32.12,70006.0,2316.0,32.011979
NLOP,2024-11-29 05:00:00+00:00,32.22,32.85,32.2,32.74,40276.0,1532.0,32.673565
NLOP,2024-12-02 05:00:00+00:00,32.5,32.55,31.91,32.08,74480.0,2371.0,32.260678
NLOP,2024-12-03 05:00:00+00:00,31.84,32.07,31.51,31.66,52495.0,1856.0,31.740774
NLOP,2024-12-04 05:00:00+00:00,31.58,32.3655,31.51,32.11,38857.0,1618.0,32.057545
NLOP,2024-12-05 05:00:00+00:00,32.14,32.54,31.56,31.62,54582.0,2005.0,31.830273
NLOP,2024-12-06 05:00:00+00:00,31.7,32.51,31.655,32.38,62962.0,1799.0,32.221398
NLOP,2024-12-09 05:00:00+00:00,32.36,33.06,32.355,32.57,61343.0,2177.0,32.712943
NLOP,2024-12-10 05:00:00+00:00,32.52,32.94,31.78,31.8,49969.0,1722.0,32.161811
NLOP,2024-12-11 05:00:00+00:00,31.98,32.325,31.85,32.22,81115.0,2270.0,32.136372
NLOP,2024-12-12 05:00:00+00:00,32.1,32.67,32.1,32.15,35713.0,1266.0,32.348544
NLOP,2024-12-13 05:00:00+00:00,32.0,32.275,31.75,32.13,31850.0,1470.0,32.056339
NLOP,2024-12-16 05:00:00+00:00,31.98,32.85,31.98,32.43,50302.0,1997.0,32.439604
NLOP,2024-12-17 05:00:00+00:00,32.4,32.46,32.0,32.41,46384.0,2239.0,32.337867
NLOP,2024-12-18 05:00:00+00:00,32.46,32.93,30.99,31.17,93110.0,2833.0,31.605334
NLOP,2024-12-19 05:00:00+00:00,31.34,31.82,30.63,30.69,87480.0,2359.0,31.004922
NLOP,2024-12-20 05:00:00+00:00,30.52,31.425,30.44,30.92,133403.0,2075.0,30.863481
NLOP,2024-12-23 05:00:00+00:00,30.82,31.11,30.4899,30.71,45445.0,1776.0,30.71063
NLOP,2024-12-24 05:00:00+00:00,30.45,30.94,30.45,30.89,28524.0,1162.0,30.729194
NLOP,2024-12-26 05:00:00+00:00,30.8,31.48,30.77,31.42,51559.0,2295.0,31.216427
NLOP,2024-12-27 05:00:00+00:00,31.16,31.29,30.41,30.81,56319.0,2391.0,30.748291
NLOP,2024-12-30 05:00:00+00:00,30.61,31.21,30.29,31.08,68011.0,1944.0,30.842767
NLOP,2024-12-31 05:00:00+00:00,31.08,31.44,30.665,31.21,217443.0,2938.0,31.192195
NLOP,2025-01-02 05:00:00+00:00,31.41,31.41,30.2345,30.47,85462.0,2848.0,30.578201
NLOP,2025-01-03 05:00:00+00:00,30.55,31.154,30.4,30.9,51669.0,1720.0,30.809188
NLOP,2025-01-06 05:00:00+00:00,30.84,31.0,30.12,30.14,81384.0,2580.0,30.417445
