symbol,timestamp,open,high,low,close,volume,trade_count,vwap
STWD,2023-01-09 05:00:00+00:00,19.05,19.31,18.93,19.03,2938730.0,19793.0,19.1105
STWD,2023-01-10 05:00:00+00:00,19.03,19.41,18.9093,19.37,1837376.0,13972.0,19.233739
STWD,2023-01-11 05:00:00+00:00,19.5,19.84,19.49,19.75,1809225.0,14112.0,19.725361
STWD,2023-01-12 05:00:00+00:00,19.85,20.045,19.67,19.98,2024192.0,13901.0,19.940173
STWD,2023-01-13 05:00:00+00:00,19.9,20.24,19.84,20.14,3549304.0,17954.0,20.059357
STWD,2023-01-17 05:00:00+00:00,20.21,20.46,20.13,20.21,1844713.0,12903.0,20.279808
STWD,2023-01-18 05:00:00+00:00,20.22,20.42,20.005,20.04,1528757.0,12878.0,20.154214
STWD,2023-01-19 05:00:00+00:00,19.86,19.915,19.66,19.78,1792967.0,15674.0,19.775193
STWD,2023-01-20 05:00:00+00:00,19.78,20.48,19.6911,20.45,3616906.0,17428.0,20.205176
STWD,2023-01-23 05:00:00+00:00,20.44,20.64,20.39,20.49,2242665.0,15090.0,20.521131
STWD,2023-01-24 05:00:00+00:00,20.5,20.75,20.265,20.32,1226761.0,9820.0,20.368859
STWD,2023-01-25 05:00:00+00:00,20.18,20.3812,20.11,20.18,2437452.0,13120.0,20.222776
STWD,2023-01-26 05:00:00+00:00,20.29,20.4,20.1,20.3,2002801.0,14092.0,20.230129
STWD,2023-01-27 05:00:00+00:00,20.35,20.795,20.32,20.69,2182538.0,12527.0,20.649052
STWD,2023-01-30 05:00:00+00:00,20.52,20.7,20.465,20.48,1319047.0,11474.0,20.582447
STWD,2023-01-31 05:00:00+00:00,20.58,20.9,20.52,20.89,2098358.0,13263.0,20.746833
STWD,2023-02-01 05:00:00+00:00,20.87,21.47,20.755,21.32,2280526.0,18084.0,21.10881
STWD,2023-02-02 05:00:00+00:00,21.51,21.73,21.3,21.4,2294099.0,14274.0,21.460497
STWD,2023-02-03 05:00:00+00:00,21.07,21.51,20.98,21.51,1901793.0,17420.0,21.353974
STWD,2023-02-06 05:00:00+00:00,21.25,21.31,20.9,21.0,1668108.0,13903.0,21.025381
STWD,2023-02-07 05:00:00+00:00,20.91,21.245,20.76,21.14,1812788.0,13369.0,21.085092
STWD,2023-02-08 05:00:00+00:00,21.09,21.1,20.46,20.57,2563873.0,18947.0,20.654853
STWD,2023-02-09 05:00:00+00:00,20.75,20.825,19.95,19.95,2794237.0,21517.0,20.201511
STWD,2023-02-10 05:00:00+00:00,19.91,20.2408,19.89,20.21,2050646.0,15337.0,20.152415
STWD,2023-02-13 05:00:00+00:00,20.26,20.5776,20.15,20.5,1592264.0,11565.0,20.432156
STWD,2023-02-14 05:00:00+00:00,20.36,20.549,20.175,20.37,1670345.0,13188.0,20.353184
STWD,2023-02-15 05:00:00+00:00,20.2,20.45,20.13,20.44,1585075.0,12797.0,20.321635
STWD,2023-02-16 05:00:00+00:00,20.15,20.45,20.1,20.27,1458653.0,11802.0,20.311845
STWD,2023-02-17 05:00:00+00:00,20.1,20.24,19.97,20.23,1907049.0,13587.0,20.115499
STWD,2023-02-21 05:00:00+00:00,19.95,20.09,19.325,19.41,2724811.0,21036.0,19.543914
STWD,2023-02-22 05:00:00+00:00,19.46,19.64,19.345,19.43,1911200.0,14762.0,19.474791
STWD,2023-02-23 05:00:00+00:00,19.56,19.72,19.29,19.71,2661743.0,17571.0,19.564741
STWD,2023-02-24 05:00:00+00:00,19.48,19.53,19.21,19.47,2542093.0,17241.0,19.39037
STWD,2023-02-27 05:00:00+00:00,19.62,19.67,19.23,19.28,2001209.0,16914.0,19.439016
STWD,2023-02-28 05:00:00+00:00,19.38,19.435,19.16,19.16,2048493.0,15532.0,19.284966
STWD,2023-03-01 05:00:00+00:00,19.25,19.45,19.06,19.28,2774609.0,18898.0,19.246517
STWD,2023-03-02 05:00:00+00:00,19.05,19.28,18.86,19.18,3038417.0,21055.0,19.05467
STWD,2023-03-03 05:00:00+00:00,19.23,19.715,19.21,19.66,2042765.0,15912.0,19.563545
STWD,2023-03-06 05:00:00+00:00,20.11,20.81,20.11,20.56,9413595.0,63732.0,20.603603
STWD,2023-03-07 05:00:00+00:00,20.57,20.78,20.05,20.1,4848585.0,35184.0,20.279609
STWD,2023-03-08 05:00:00+00:00,20.17,20.245,19.55,19.65,4685031.0,33815.0,19.78237
STWD,2023-03-09 05:00:00+00:00,19.58,19.82,18.89,18.91,5291802.0,30644.0,19.216442
STWD,2023-03-10 05:00:00+00:00,18.95,19.03,18.095,18.23,8497945.0,52349.0,18.380573
STWD,2023-03-13 04:00:00+00:00,17.97,18.35,17.5,18.07,7769204.0,51996.0,18.085366
STWD,2023-03-14 04:00:00+00:00,18.52,18.915,18.04,18.21,7940835.0,50692.0,18.451858
STWD,2023-03-15 04:00:00+00:00,17.87,17.89,17.11,17.54,10155464.0,68420.0,17.396836
STWD,2023-03-16 04:00:00+00:00,17.31,17.5,16.98,17.29,7789021.0,47194.0,17.284632
STWD,2023-03-17 04:00:00+00:00,17.19,17.25,16.41,16.74,55566298.0,89155.0,16.699865
STWD,2023-03-20 04:00:00+00:00,16.74,17.26,16.74,17.0,5477495.0,35258.0,17.052696
STWD,2023-03-21 04:00:00+00:00,17.36,17.77,17.36,17.56,5722059.0,31911.0,17.599561
STWD,2023-03-22 04:00:00+00:00,17.55,17.76,17.12,17.14,4981001.0,31410.0,17.442036
STWD,2023-03-23 04:00:00+00:00,17.295,17.36,16.41,16.53,7388727.0,43828.0,16.774984
STWD,2023-03-24 04:00:00+00:00,16.37,16.86,16.07,16.85,5584064.0,37934.0,16.502926
STWD,2023-03-27 04:00:00+00:00,17.165,17.32,16.9024,17.09,5445402.0,30270.0,17.112141
STWD,2023-03-28 04:00:00+00:00,17.05,17.225,16.91,17.1,3805503.0,24853.0,17.073687
STWD,2023-03-29 04:00:00+00:00,17.28,17.475,17.2108,17.46,4419865.0,27192.0,17.388283
STWD,2023-03-30 04:00:00+00:00,17.17,17.25,16.93,17.19,3186997.0,22055.0,17.109926
STWD,2023-03-31 04:00:00+00:00,17.39,17.71,17.235,17.69,4363259.0,28060.0,17.542099
STWD,2023-04-03 04:00:00+00:00,17.74,17.8899,17.51,17.6,3652441.0,22031.0,17.641106
STWD,2023-04-04 04:00:00+00:00,17.77,17.9,17.28,17.4,4132195.0,26282.0,17.435758
STWD,2023-04-05 04:00:00+00:00,17.31,17.4,17.11,17.35,4014191.0,25237.0,17.261077
STWD,2023-04-06 04:00:00+00:00,17.37,17.4,17.11,17.2,3913150.0,23615.0,17.213756
STWD,2023-04-10 04:00:00+00:00,17.2,17.325,16.63,17.17,3027319.0,20606.0,17.029434
STWD,2023-04-11 04:00:00+00:00,17.26,17.75,17.18,17.56,4367199.0,27437.0,17.546274
STWD,2023-04-12 04:00:00+00:00,17.8,17.85,17.4,17.51,3366864.0,25111.0,17.568449
STWD,2023-04-13 04:00:00+00:00,17.5,17.56,17.08,17.32,5790210.0,27339.0,17.27748
STWD,2023-04-14 04:00:00+00:00,17.5,17.61,16.92,17.1,4197797.0,24833.0,17.166922
STWD,2023-04-17 04:00:00+00:00,17.12,17.64,16.98,17.62,3320012.0,22739.0,17.384064
STWD,2023-04-18 04:00:00+00:00,17.56,17.6271,17.2,17.45,3578522.0,24561.0,17.39065
STWD,2023-04-19 04:00:00+00:00,17.31,17.81,17.28,17.72,2717638.0,19261.0,17.636482
STWD,2023-04-20 04:00:00+00:00,17.52,17.64,17.33,17.45,2825623.0,19122.0,17.456943
STWD,2023-04-21 04:00:00+00:00,17.48,17.55,17.145,17.54,2790425.0,19237.0,17.424286
STWD,2023-04-24 04:00:00+00:00,17.46,17.5599,17.065,17.49,2608507.0,17349.0,17.417695
STWD,2023-04-25 04:00:00+00:00,17.3,17.37,16.805,16.89,3943353.0,25818.0,17.01919
STWD,2023-04-26 04:00:00+00:00,16.98,17.41,16.88,17.07,3336551.0,22948.0,17.155992
STWD,2023-04-27 04:00:00+00:00,17.13,17.72,17.11,17.71,2878887.0,22309.0,17.53833
STWD,2023-04-28 04:00:00+00:00,17.72,18.055,17.58,17.89,2746741.0,20176.0,17.890714
STWD,2023-05-01 04:00:00+00:00,17.8,17.965,17.49,17.5,2301815.0,17186.0,17.681235
STWD,2023-05-02 04:00:00+00:00,17.37,17.425,16.685,17.12,4181145.0,34581.0,16.987939
STWD,2023-05-03 04:00:00+00:00,17.21,17.505,17.03,17.07,5086660.0,33187.0,17.257187
STWD,2023-05-04 04:00:00+00:00,17.05,17.1,16.06,16.15,11437469.0,64262.0,16.296293
STWD,2023-05-05 04:00:00+00:00,16.51,16.92,16.49,16.76,5235406.0,29254.0,16.702614
STWD,2023-05-08 04:00:00+00:00,16.82,16.9,16.62,16.76,2778669.0,18259.0,16.761247
STWD,2023-05-09 04:00:00+00:00,16.58,16.675,16.45,16.52,3575002.0,23027.0,16.561719
STWD,2023-05-10 04:00:00+00:00,16.73,16.84,16.215,16.31,3051269.0,20172.0,16.39236
STWD,2023-05-11 04:00:00+00:00,16.25,16.3475,16.09,16.32,2313852.0,17683.0,16.253558
STWD,2023-05-12 04:00:00+00:00,16.32,16.37,16.1,16.24,2197381.0,15778.0,16.207773
STWD,2023-05-15 04:00:00+00:00,16.3,16.655,16.26,16.55,2698101.0,20302.0,16.51894
STWD,2023-05-16 04:00:00+00:00,16.5,16.5,16.08,16.09,4166134.0,25341.0,16.242708
STWD,2023-05-17 04:00:00+00:00,16.25,16.865,16.19,16.85,4245164.0,25596.0,16.620346
STWD,2023-05-18 04:00:00+00:00,16.73,17.09,16.65,17.06,2699340.0,21652.0,16.9407
STWD,2023-05-19 04:00:00+00:00,17.14,17.18,16.83,17.0,2144854.0,17349.0,17.007613
STWD,2023-05-22 04:00:00+00:00,17.06,17.44,16.96,17.39,2514659.0,18839.0,17.260408
STWD,2023-05-23 04:00:00+00:00,17.37,18.0,17.36,17.54,3996636.0,31079.0,17.713588
STWD,2023-05-24 04:00:00+00:00,17.4,17.4899,17.08,17.26,1988291.0,16317.0,17.235919
STWD,2023-05-25 04:00:00+00:00,17.24,17.26,16.76,17.03,2393083.0,18928.0,17.001881
STWD,2023-05-26 04:00:00+00:00,17.1,17.68,16.95,17.59,2548544.0,20324.0,17.442503
STWD,2023-05-30 04:00:00+00:00,17.62,17.83,17.5324,17.61,2652306.0,22271.0,17.644178
STWD,2023-05-31 04:00:00+00:00,17.46,17.69,17.3307,17.55,2218648.0,16028.0,17.525332
STWD,2023-06-01 04:00:00+00:00,17.6,17.83,17.445,17.75,1978189.0,15838.0,17.708435
STWD,2023-06-02 04:00:00+00:00,17.98,18.465,17.96,18.4,3989123.0,25792.0,18.343195
STWD,2023-06-05 04:00:00+00:00,18.27,18.39,18.1,18.2,2428498.0,20963.0,18.208823
STWD,2023-06-06 04:00:00+00:00,18.19,18.65,18.14,18.53,3891747.0,28890.0,18.579953
STWD,2023-06-07 04:00:00+00:00,18.71,18.9,18.6,18.86,3249042.0,22265.0,18.82508
STWD,2023-06-08 04:00:00+00:00,18.83,19.16,18.54,19.15,2827825.0,21251.0,18.911859
STWD,2023-06-09 04:00:00+00:00,19.1,19.13,18.8,18.97,2397975.0,18718.0,18.951243
STWD,2023-06-12 04:00:00+00:00,18.97,19.31,18.92,19.3,2489562.0,20392.0,19.173516
STWD,2023-06-13 04:00:00+00:00,19.37,19.61,19.31,19.39,2932410.0,22880.0,19.442793
STWD,2023-06-14 04:00:00+00:00,19.47,19.62,18.98,19.26,2393523.0,21029.0,19.315192
STWD,2023-06-15 04:00:00+00:00,19.16,19.5,19.05,19.49,2736727.0,22519.0,19.403406
STWD,2023-06-16 04:00:00+00:00,19.53,19.625,19.27,19.42,3340117.0,17784.0,19.406676
STWD,2023-06-20 04:00:00+00:00,19.37,19.37,19.06,19.19,1953937.0,16286.0,19.188321
STWD,2023-06-21 04:00:00+00:00,19.18,19.49,19.06,19.44,2113982.0,19514.0,19.348742
STWD,2023-06-22 04:00:00+00:00,18.6,19.065,18.41,18.45,10677944.0,59621.0,18.600904
STWD,2023-06-23 04:00:00+00:00,18.27,18.7,18.18,18.43,7382637.0,43124.0,18.456212
STWD,2023-06-26 04:00:00+00:00,18.5,18.95,18.49,18.82,3379128.0,23435.0,18.815994
STWD,2023-06-27 04:00:00+00:00,18.8,19.24,18.72,19.22,3414655.0,19444.0,19.078416
STWD,2023-06-28 04:00:00+00:00,19.21,19.46,19.005,19.46,2683084.0,20446.0,19.304237
STWD,2023-06-29 04:00:00+00:00,18.94,19.265,18.76,19.26,3782783.0,20404.0,19.116552
STWD,2023-06-30 04:00:00+00:00,19.37,19.54,19.275,19.4,3393613.0,20678.0,19.413682
STWD,2023-07-03 04:00:00+00:00,19.35,19.5114,19.26,19.42,1119996.0,8618.0,19.400577
STWD,2023-07-05 04:00:00+00:00,19.32,19.45,19.175,19.4,2388330.0,16807.0,19.35911
STWD,2023-07-06 04:00:00+00:00,19.12,19.19,18.76,19.15,2534227.0,18005.0,19.053445
STWD,2023-07-07 04:00:00+00:00,19.16,19.8,19.15,19.74,3344262.0,22790.0,19.683781
STWD,2023-07-10 04:00:00+00:00,19.69,20.35,19.67,20.3,3140358.0,20192.0,20.128623
STWD,2023-07-11 04:00:00+00:00,20.42,20.54,20.29,20.42,3653573.0,21798.0,20.425047
STWD,2023-07-12 04:00:00+00:00,20.74,20.81,20.08,20.12,4163993.0,25291.0,20.323048
STWD,2023-07-13 04:00:00+00:00,20.2,20.71,20.17,20.66,3391094.0,24170.0,20.556277
STWD,2023-07-14 04:00:00+00:00,20.71,20.71,20.4,20.56,2181323.0,16792.0,20.517358
STWD,2023-07-17 04:00:00+00:00,20.55,20.86,20.55,20.76,3704273.0,24421.0,20.745919
STWD,2023-07-18 04:00:00+00:00,20.84,21.215,20.81,21.13,3207219.0,24099.0,21.092852
STWD,2023-07-19 04:00:00+00:00,21.22,21.38,21.14,21.22,2234943.0,17021.0,21.243375
STWD,2023-07-20 04:00:00+00:00,21.19,21.2525,21.02,21.2,1506728.0,14015.0,21.145606
STWD,2023-07-21 04:00:00+00:00,21.2,21.32,20.75,20.76,2647073.0,18028.0,20.920315
STWD,2023-07-24 04:00:00+00:00,20.87,21.0,20.59,20.68,2676951.0,20880.0,20.745997
STWD,2023-07-25 04:00:00+00:00,20.63,20.7,20.31,20.37,4183075.0,21258.0,20.423305
STWD,2023-07-26 04:00:00+00:00,20.38,20.73,20.36,20.62,2171343.0,18554.0,20.589597
STWD,2023-07-27 04:00:00+00:00,20.69,20.71,20.205,20.28,2281518.0,17842.0,20.462814
STWD,2023-07-28 04:00:00+00:00,20.47,20.83,20.32,20.82,2919740.0,23647.0,20.735332
STWD,2023-07-31 04:00:00+00:00,20.83,20.87,20.5801,20.74,2455868.0,17402.0,20.697575
STWD,2023-08-01 04:00:00+00:00,20.61,20.69,20.345,20.59,3157521.0,17330.0,20.545758
STWD,2023-08-02 04:00:00+00:00,20.4,20.53,20.205,20.29,2901917.0,22361.0,20.32626
STWD,2023-08-03 04:00:00+00:00,20.46,20.46,19.92,20.33,3304667.0,25511.0,20.174613
STWD,2023-08-04 04:00:00+00:00,20.51,20.955,20.33,20.89,2661225.0,21302.0,20.822163
STWD,2023-08-07 04:00:00+00:00,20.87,20.95,20.585,20.83,2433771.0,20120.0,20.784309
STWD,2023-08-08 04:00:00+00:00,20.5,20.915,20.32,20.87,1922026.0,17830.0,20.733201
STWD,2023-08-09 04:00:00+00:00,20.84,20.9307,20.51,20.52,1544669.0,15392.0,20.686204
STWD,2023-08-10 04:00:00+00:00,20.67,20.75,20.22,20.36,1843919.0,14334.0,20.474118
STWD,2023-08-11 04:00:00+00:00,20.28,20.43,20.27,20.38,1342709.0,14445.0,20.35251
STWD,2023-08-14 04:00:00+00:00,20.29,20.44,20.1524,20.29,1374507.0,13762.0,20.304875
STWD,2023-08-15 04:00:00+00:00,20.15,20.17,19.84,19.93,1875036.0,16533.0,19.962494
STWD,2023-08-16 04:00:00+00:00,19.91,20.085,19.74,19.76,1611323.0,14768.0,19.90378
STWD,2023-08-17 04:00:00+00:00,19.78,19.9,19.46,19.48,1683650.0,16575.0,19.595989
STWD,2023-08-18 04:00:00+00:00,19.25,19.57,19.19,19.38,1986945.0,15506.0,19.411068
STWD,2023-08-21 04:00:00+00:00,19.46,19.48,19.155,19.43,1918573.0,15314.0,19.359932
STWD,2023-08-22 04:00:00+00:00,19.53,19.58,19.21,19.23,2706645.0,13930.0,19.282989
STWD,2023-08-23 04:00:00+00:00,19.3,19.73,19.26,19.72,1152677.0,11857.0,19.597785
STWD,2023-08-24 04:00:00+00:00,19.61,19.94,19.5747,19.66,2023360.0,11168.0,19.678099
STWD,2023-08-25 04:00:00+00:00,19.75,19.895,19.4718,19.7,1225250.0,13224.0,19.72215
STWD,2023-08-28 04:00:00+00:00,19.79,20.165,19.79,20.07,2359406.0,15257.0,20.080646
STWD,2023-08-29 04:00:00+00:00,20.03,20.35,20.02,20.31,1266253.0,12960.0,20.251423
STWD,2023-08-30 04:00:00+00:00,20.3,20.495,20.24,20.41,1385707.0,14056.0,20.396105
STWD,2023-08-31 04:00:00+00:00,20.49,20.6,20.38,20.43,2741579.0,13692.0,20.459967
STWD,2023-09-01 04:00:00+00:00,20.53,20.76,20.49,20.68,1676872.0,14673.0,20.664999
STWD,2023-09-05 04:00:00+00:00,20.54,20.75,20.49,20.49,1768764.0,19236.0,20.584444
STWD,2023-09-06 04:00:00+00:00,20.41,20.56,20.205,20.32,1505475.0,15859.0,20.32976
STWD,2023-09-07 04:00:00+00:00,20.22,20.44,20.21,20.35,2607982.0,15230.0,20.361572
STWD,2023-09-08 04:00:00+00:00,20.37,20.68,20.35,20.55,1618446.0,16657.0,20.54585
STWD,2023-09-11 04:00:00+00:00,20.68,20.7612,20.58,20.66,1745472.0,15718.0,20.680629
STWD,2023-09-12 04:00:00+00:00,20.61,20.81,20.58,20.78,1685892.0,17606.0,20.744109
STWD,2023-09-13 04:00:00+00:00,20.8,20.83,20.47,20.58,1947496.0,19101.0,20.596242
STWD,2023-09-14 04:00:00+00:00,20.85,21.1,20.72,20.99,2969390.0,22294.0,20.97333
STWD,2023-09-15 04:00:00+00:00,20.85,21.08,20.83,21.01,7453206.0,22765.0,20.999111
STWD,2023-09-18 04:00:00+00:00,21.0,21.055,20.69,20.9,2401388.0,18949.0,20.923072
STWD,2023-09-19 04:00:00+00:00,20.96,21.09,20.92,20.98,1487346.0,14255.0,20.986793
STWD,2023-09-20 04:00:00+00:00,21.07,21.13,20.74,20.75,1751790.0,12952.0,20.909026
STWD,2023-09-21 04:00:00+00:00,20.6,20.63,19.92,19.92,2445433.0,21548.0,20.189891
STWD,2023-09-22 04:00:00+00:00,20.22,20.25,19.9,19.9,3054784.0,19433.0,20.026655
STWD,2023-09-25 04:00:00+00:00,19.75,19.92,19.72,19.84,2919965.0,16398.0,19.838601
STWD,2023-09-26 04:00:00+00:00,19.62,19.79,19.32,19.42,3121989.0,23996.0,19.44542
STWD,2023-09-27 04:00:00+00:00,19.49,19.6595,19.32,19.54,2643393.0,19727.0,19.509426
STWD,2023-09-28 04:00:00+00:00,19.04,19.4,18.88,19.29,2991505.0,22701.0,19.152079
STWD,2023-09-29 04:00:00+00:00,19.43,19.61,19.245,19.35,1812068.0,16386.0,19.401933
STWD,2023-10-02 04:00:00+00:00,19.3,19.3,18.7763,18.88,1882220.0,17277.0,18.917357
STWD,2023-10-03 04:00:00+00:00,18.71,18.89,18.185,18.5,4534925.0,26576.0,18.407496
STWD,2023-10-04 04:00:00+00:00,18.51,18.62,18.065,18.34,2467478.0,19828.0,18.267286
STWD,2023-10-05 04:00:00+00:00,18.29,18.83,18.275,18.78,1994584.0,17409.0,18.660611
STWD,2023-10-06 04:00:00+00:00,18.58,19.05,18.5201,18.78,1830426.0,15000.0,18.786264
STWD,2023-10-09 04:00:00+00:00,18.63,19.06,18.6,19.05,2050203.0,14702.0,18.941487
STWD,2023-10-10 04:00:00+00:00,18.68,19.1,18.61,18.97,2202395.0,19494.0,18.945628
STWD,2023-10-11 04:00:00+00:00,19.15,19.41,19.08,19.41,1893396.0,14635.0,19.274228
STWD,2023-10-12 04:00:00+00:00,19.38,19.38,18.97,19.17,2697707.0,17130.0,19.173855
STWD,2023-10-13 04:00:00+00:00,19.31,19.36,18.785,18.85,2475309.0,20177.0,18.924217
STWD,2023-10-16 04:00:00+00:00,19.06,19.225,18.86,19.18,2142168.0,15494.0,19.115209
STWD,2023-10-17 04:00:00+00:00,19.04,19.475,19.0,19.42,3000744.0,24502.0,19.364545
STWD,2023-10-18 04:00:00+00:00,19.22,19.22,18.79,18.9,1577656.0,15592.0,18.925376
STWD,2023-10-19 04:00:00+00:00,18.82,19.0,18.28,18.3,2706145.0,20396.0,18.551516
STWD,2023-10-20 04:00:00+00:00,18.3,18.43,18.02,18.04,2492912.0,23536.0,18.111869
STWD,2023-10-23 04:00:00+00:00,17.98,18.045,17.65,17.84,3143034.0,23725.0,17.873626
STWD,2023-10-24 04:00:00+00:00,17.83,18.22,17.79,18.09,3125752.0,26516.0,18.069088
STWD,2023-10-25 04:00:00+00:00,17.9,18.05,17.53,17.53,3630925.0,28163.0,17.720453
STWD,2023-10-26 04:00:00+00:00,17.56,17.8599,17.5,17.65,3099737.0,23675.0,17.674087
STWD,2023-10-27 04:00:00+00:00,17.73,17.83,17.07,17.25,3109067.0,24346.0,17.315255
STWD,2023-10-30 04:00:00+00:00,17.45,17.61,17.21,17.52,1741291.0,14519.0,17.458148
STWD,2023-10-31 04:00:00+00:00,17.62,17.84,17.59,17.75,1887789.0,17837.0,17.732352
STWD,2023-11-01 04:00:00+00:00,17.76,18.06,17.57,17.99,2358732.0,19284.0,17.888595
STWD,2023-11-02 04:00:00+00:00,18.25,18.77,18.19,18.76,2179185.0,17892.0,18.560211
STWD,2023-11-03 04:00:00+00:00,19.19,19.41,19.04,19.15,2891446.0,26221.0,19.182591
STWD,2023-11-06 05:00:00+00:00,19.11,19.14,18.585,18.66,2845735.0,25249.0,18.744429
STWD,2023-11-07 05:00:00+00:00,18.65,18.74,18.4799,18.61,2718614.0,21049.0,18.629303
STWD,2023-11-08 05:00:00+00:00,18.63,19.39,18.42,19.35,3899250.0,24230.0,19.133856
STWD,2023-11-09 05:00:00+00:00,19.5,19.53,18.925,18.98,2612738.0,22535.0,19.164959
STWD,2023-11-10 05:00:00+00:00,19.18,19.24,18.99,19.17,1970553.0,16431.0,19.136732
STWD,2023-11-13 05:00:00+00:00,19.04,19.19,18.93,19.1,1834348.0,13524.0,19.083089
STWD,2023-11-14 05:00:00+00:00,19.66,20.18,19.5,20.15,4394740.0,28831.0,20.041247
STWD,2023-11-15 05:00:00+00:00,20.13,20.385,20.06,20.36,2300744.0,17377.0,20.313303
STWD,2023-11-16 05:00:00+00:00,20.35,20.4,19.6,19.64,2929920.0,22270.0,19.809541
STWD,2023-11-17 05:00:00+00:00,19.79,19.87,19.63,19.76,1914716.0,14006.0,19.77245
STWD,2023-11-20 05:00:00+00:00,19.77,19.91,19.6246,19.77,1511605.0,12661.0,19.792519
STWD,2023-11-21 05:00:00+00:00,19.7,19.75,19.53,19.68,1389925.0,10658.0,19.66709
STWD,2023-11-22 05:00:00+00:00,19.82,19.94,19.67,19.93,1348077.0,11196.0,19.867019
STWD,2023-11-24 05:00:00+00:00,19.86,19.985,19.79,19.9,622516.0,6402.0,19.896806
STWD,2023-11-27 05:00:00+00:00,19.81,19.8473,19.65,19.67,1777687.0,13910.0,19.723926
STWD,2023-11-28 05:00:00+00:00,19.6,19.8,19.51,19.79,1520353.0,12368.0,19.721056
STWD,2023-11-29 05:00:00+00:00,19.96,20.2363,19.86,19.88,2239917.0,16801.0,19.990487
STWD,2023-11-30 05:00:00+00:00,19.9,20.0,19.8,19.87,2149338.0,16507.0,19.891841
STWD,2023-12-01 05:00:00+00:00,19.83,20.66,19.73,20.65,3887831.0,22679.0,20.392256
STWD,2023-12-04 05:00:00+00:00,20.55,20.805,20.45,20.77,3314439.0,20512.0,20.676037
STWD,2023-12-05 05:00:00+00:00,20.66,20.71,20.42,20.48,1937068.0,17236.0,20.510282
STWD,2023-12-06 05:00:00+00:00,20.57,20.71,19.65,19.68,4222766.0,29686.0,19.983736
STWD,2023-12-07 05:00:00+00:00,19.71,20.18,19.6899,20.16,1764645.0,14787.0,20.031099
STWD,2023-12-08 05:00:00+00:00,20.15,20.325,20.09,20.17,1532222.0,14581.0,20.18787
STWD,2023-12-11 05:00:00+00:00,20.12,20.4,20.06,20.31,2140376.0,15705.0,20.288931
STWD,2023-12-12 05:00:00+00:00,20.32,20.575,20.18,20.53,2487068.0,17787.0,20.478465
STWD,2023-12-13 05:00:00+00:00,20.5,21.22,20.355,21.07,3641390.0,24838.0,20.868492
STWD,2023-12-14 05:00:00+00:00,21.46,21.915,21.46,21.72,5172352.0,37194.0,21.717771
STWD,2023-12-15 05:00:00+00:00,21.7,21.7399,21.4,21.6,5247931.0,25507.0,21.57233
STWD,2023-12-18 05:00:00+00:00,21.65,21.85,21.59,21.72,2739366.0,21575.0,21.747772
STWD,2023-12-19 05:00:00+00:00,21.83,22.01,21.75,21.94,2062030.0,18884.0,21.921254
STWD,2023-12-20 05:00:00+00:00,21.9,22.1499,21.58,21.6,2779148.0,22540.0,21.865775
STWD,2023-12-21 05:00:00+00:00,21.82,21.99,21.73,21.99,1727605.0,17623.0,21.899287
STWD,2023-12-22 05:00:00+00:00,22.03,22.2,21.795,21.87,2690614.0,16050.0,21.973754
STWD,2023-12-26 05:00:00+00:00,21.97,22.29,21.915,22.14,1776839.0,13855.0,22.141164
STWD,2023-12-27 05:00:00+00:00,22.15,22.19,21.9,22.03,2564424.0,18554.0,22.016847
STWD,2023-12-28 05:00:00+00:00,21.4,21.525,21.185,21.32,3474551.0,19065.0,21.307887
STWD,2023-12-29 05:00:00+00:00,21.25,21.29,21.005,21.02,1921388.0,16946.0,21.102421
STWD,2024-01-02 05:00:00+00:00,20.85,21.1853,20.8,21.14,2133535.0,18259.0,21.028259
STWD,2024-01-03 05:00:00+00:00,20.84,20.851,20.4,20.51,3120416.0,23516.0,20.568228
STWD,2024-01-04 05:00:00+00:00,20.5,20.765,20.45,20.57,1859764.0,15521.0,20.611392
STWD,2024-01-05 05:00:00+00:00,20.55,20.9907,20.49,20.8,1653114.0,13578.0,20.792801
STWD,2024-01-08 05:00:00+00:00,20.74,21.145,20.67,21.12,1586867.0,13718.0,21.032058
STWD,2024-01-09 05:00:00+00:00,20.89,21.11,20.82,21.05,1700067.0,13614.0,21.022589
STWD,2024-01-10 05:00:00+00:00,21.11,21.1769,20.98,21.12,1615258.0,12588.0,21.092041
STWD,2024-01-11 05:00:00+00:00,21.01,21.115,20.76,20.9,2005931.0,15672.0,20.931084
STWD,2024-01-12 05:00:00+00:00,21.09,21.22,20.725,20.82,1830417.0,14389.0,20.88308
STWD,2024-01-16 05:00:00+00:00,20.61,20.8,20.3566,20.46,2038639.0,17351.0,20.501729
STWD,2024-01-17 05:00:00+00:00,20.22,20.53,20.12,20.32,2002440.0,17325.0,20.315212
STWD,2024-01-18 05:00:00+00:00,20.34,20.48,20.1,20.44,1390354.0,12906.0,20.327175
STWD,2024-01-19 05:00:00+00:00,20.47,20.7,20.2,20.7,1743070.0,13469.0,20.473277
STWD,2024-01-22 05:00:00+00:00,20.78,20.91,20.5325,20.68,1449988.0,12385.0,20.705535
STWD,2024-01-23 05:00:00+00:00,20.79,20.88,20.525,20.63,1323774.0,11648.0,20.649097
STWD,2024-01-24 05:00:00+00:00,20.82,20.85,20.48,20.52,1561883.0,12251.0,20.591048
STWD,2024-01-25 05:00:00+00:00,20.74,20.85,20.355,20.69,2032952.0,18129.0,20.579875
STWD,2024-01-26 05:00:00+00:00,20.8,20.915,20.695,20.87,1331473.0,13483.0,20.839678
STWD,2024-01-29 05:00:00+00:00,20.89,21.19,20.86,21.18,1742756.0,15166.0,21.065227
STWD,2024-01-30 05:00:00+00:00,21.03,21.175,20.93,21.0,1658809.0,16579.0,21.037718
STWD,2024-01-31 05:00:00+00:00,20.92,20.92,20.248,20.33,4069064.0,29693.0,20.489409
STWD,2024-02-01 05:00:00+00:00,20.37,20.41,19.75,20.21,3428567.0,25715.0,20.117961
STWD,2024-02-02 05:00:00+00:00,20.04,20.075,19.75,19.91,2973650.0,23313.0,19.895206
STWD,2024-02-05 05:00:00+00:00,19.69,19.915,19.335,19.78,2848145.0,20987.0,19.675727
STWD,2024-02-06 05:00:00+00:00,19.75,20.005,19.565,19.64,2171203.0,18705.0,19.694715
STWD,2024-02-07 05:00:00+00:00,19.6,19.62,19.102,19.33,3902948.0,25631.0,19.312767
STWD,2024-02-08 05:00:00+00:00,19.29,19.345,19.05,19.12,3372302.0,25373.0,19.171358
STWD,2024-02-09 05:00:00+00:00,19.16,19.29,18.99,19.28,1847112.0,15703.0,19.184573
STWD,2024-02-12 05:00:00+00:00,19.28,19.6,19.2,19.49,1709043.0,13970.0,19.492372
STWD,2024-02-13 05:00:00+00:00,18.89,19.05,18.68,18.84,3872800.0,29734.0,18.854373
STWD,2024-02-14 05:00:00+00:00,19.11,19.24,18.96,19.16,2410771.0,20444.0,19.098498
STWD,2024-02-15 05:00:00+00:00,19.3,19.87,19.2,19.75,2290929.0,19090.0,19.682437
STWD,2024-02-16 05:00:00+00:00,19.53,19.96,19.4,19.79,2214791.0,18599.0,19.793075
STWD,2024-02-20 05:00:00+00:00,19.62,19.74,19.46,19.5,1795787.0,16307.0,19.543593
STWD,2024-02-21 05:00:00+00:00,19.49,19.59,19.365,19.45,2918543.0,24969.0,19.460166
STWD,2024-02-22 05:00:00+00:00,20.07,20.14,19.67,19.93,3922705.0,29561.0,19.944016
STWD,2024-02-23 05:00:00+00:00,20.09,20.09,19.82,19.87,1702446.0,13346.0,19.903565
STWD,2024-02-26 05:00:00+00:00,19.77,19.9,19.64,19.71,1671069.0,13838.0,19.745158
STWD,2024-02-27 05:00:00+00:00,19.84,19.945,19.73,19.89,1523130.0,13440.0,19.849594
STWD,2024-02-28 05:00:00+00:00,19.74,19.89,19.675,19.78,1215105.0,12475.0,19.800871
STWD,2024-02-29 05:00:00+00:00,20.0,20.44,19.925,20.39,3882221.0,20384.0,20.301983
STWD,2024-03-01 05:00:00+00:00,20.34,20.63,20.16,20.57,2169040.0,17413.0,20.504553
STWD,2024-03-04 05:00:00+00:00,20.17,20.34,19.97,20.08,3358625.0,23646.0,20.111409
STWD,2024-03-05 05:00:00+00:00,19.92,20.355,19.89,20.25,2644696.0,18035.0,20.236901
STWD,2024-03-06 05:00:00+00:00,20.53,20.55,20.175,20.26,1864162.0,15869.0,20.313294
STWD,2024-03-07 05:00:00+00:00,20.45,20.5,20.245,20.34,1191668.0,12808.0,20.353238
STWD,2024-03-08 05:00:00+00:00,20.46,20.665,20.245,20.38,2229803.0,16121.0,20.390323
STWD,2024-03-11 04:00:00+00:00,20.28,20.45,20.24,20.43,1983555.0,17499.0,20.379733
STWD,2024-03-12 04:00:00+00:00,20.45,20.485,20.22,20.43,1065766.0,12061.0,20.409244
STWD,2024-03-13 04:00:00+00:00,20.4,20.605,20.355,20.38,1349941.0,9921.0,20.436765
STWD,2024-03-14 04:00:00+00:00,20.37,20.395,19.775,19.85,2322148.0,17581.0,19.933104
STWD,2024-03-15 04:00:00+00:00,19.68,20.18,19.66,20.11,3609830.0,18205.0,20.038857
STWD,2024-03-18 04:00:00+00:00,20.14,20.32,20.05,20.23,1691698.0,14736.0,20.243384
STWD,2024-03-19 04:00:00+00:00,20.16,20.32,19.965,20.1,1969044.0,14725.0,20.118608
STWD,2024-03-20 04:00:00+00:00,20.0,20.44,19.95,20.39,2636453.0,17542.0,20.231104
STWD,2024-03-21 04:00:00+00:00,20.49,20.685,20.4,20.62,2350134.0,17268.0,20.575225
STWD,2024-03-22 04:00:00+00:00,20.66,20.69,20.3101,20.35,1879703.0,14573.0,20.432701
STWD,2024-03-25 04:00:00+00:00,20.39,20.7,20.39,20.46,1406378.0,11767.0,20.544629
STWD,2024-03-26 04:00:00+00:00,20.55,20.56,20.235,20.24,1872031.0,15899.0,20.361452
STWD,2024-03-27 04:00:00+00:00,19.94,20.34,19.8799,20.33,3002701.0,16433.0,20.097512
STWD,2024-03-28 04:00:00+00:00,20.34,20.48,20.2301,20.33,2091669.0,15911.0,20.326783
STWD,2024-04-01 04:00:00+00:00,20.23,20.3,19.91,20.0,1943527.0,16833.0,20.003564
STWD,2024-04-02 04:00:00+00:00,19.81,19.91,19.58,19.64,1892687.0,16984.0,19.707109
STWD,2024-04-03 04:00:00+00:00,19.58,19.84,19.53,19.76,1426835.0,15253.0,19.740163
STWD,2024-04-04 04:00:00+00:00,19.94,20.05,19.59,19.63,1634793.0,14572.0,19.791487
STWD,2024-04-05 04:00:00+00:00,19.56,19.75,19.465,19.67,1539709.0,12621.0,19.6382
STWD,2024-04-08 04:00:00+00:00,19.74,19.82,19.61,19.78,1403129.0,10266.0,19.727097
STWD,2024-04-09 04:00:00+00:00,19.8,19.91,19.64,19.89,1136887.0,11755.0,19.813626
STWD,2024-04-10 04:00:00+00:00,19.4,19.45,19.06,19.12,2690276.0,23220.0,19.186792
STWD,2024-04-11 04:00:00+00:00,19.2,19.49,19.13,19.43,2526252.0,23223.0,19.343054
STWD,2024-04-12 04:00:00+00:00,19.26,19.41,19.22,19.23,1653611.0,15681.0,19.28741
STWD,2024-04-15 04:00:00+00:00,19.36,19.51,18.855,19.01,2828544.0,21746.0,19.079059
STWD,2024-04-16 04:00:00+00:00,18.95,19.03,18.74,18.88,3072438.0,23476.0,18.884975
STWD,2024-04-17 04:00:00+00:00,19.05,19.135,18.91,19.01,1907095.0,16057.0,19.035052
STWD,2024-04-18 04:00:00+00:00,19.1,19.3,19.02,19.14,1288061.0,13293.0,19.168254
STWD,2024-04-19 04:00:00+00:00,19.14,19.4,19.08,19.38,1548540.0,11967.0,19.337954
STWD,2024-04-22 04:00:00+00:00,19.44,19.62,19.32,19.5,2341057.0,16771.0,19.458877
STWD,2024-04-23 04:00:00+00:00,19.5,19.825,19.44,19.72,1682048.0,14334.0,19.723148
STWD,2024-04-24 04:00:00+00:00,19.62,19.62,19.28,19.4,2628155.0,17426.0,19.410197
STWD,2024-04-25 04:00:00+00:00,19.19,19.38,19.08,19.11,2367667.0,16174.0,19.205856
STWD,2024-04-26 04:00:00+00:00,19.2,19.61,19.155,19.5,2296589.0,14889.0,19.48629
STWD,2024-04-29 04:00:00+00:00,19.56,19.69,19.475,19.57,1199362.0,11667.0,19.572323
STWD,2024-04-30 04:00:00+00:00,19.39,19.445,18.93,18.97,2354432.0,21136.0,19.108855
STWD,2024-05-01 04:00:00+00:00,18.98,19.4188,18.955,19.12,2426961.0,21818.0,19.145412
STWD,2024-05-02 04:00:00+00:00,19.35,19.435,19.13,19.37,1652276.0,16554.0,19.318003
STWD,2024-05-03 04:00:00+00:00,19.73,19.81,19.39,19.49,1179888.0,13181.0,19.4945
STWD,2024-05-06 04:00:00+00:00,19.65,19.77,19.6,19.72,1789415.0,16727.0,19.701617
STWD,2024-05-07 04:00:00+00:00,19.7,19.78,19.46,19.55,2688539.0,18834.0,19.565624
STWD,2024-05-08 04:00:00+00:00,19.48,20.12,19.295,20.08,4522416.0,26751.0,19.844186
STWD,2024-05-09 04:00:00+00:00,19.94,20.13,19.9,20.05,2057973.0,16220.0,20.029153
STWD,2024-05-10 04:00:00+00:00,20.1,20.275,20.04,20.22,2498695.0,17555.0,20.17152
STWD,2024-05-13 04:00:00+00:00,20.37,20.42,20.1,20.26,1776710.0,14364.0,20.238262
STWD,2024-05-14 04:00:00+00:00,20.45,20.66,20.4095,20.63,2550188.0,20369.0,20.558364
STWD,2024-05-15 04:00:00+00:00,20.86,20.93,20.72,20.82,2286865.0,21075.0,20.831353
STWD,2024-05-16 04:00:00+00:00,20.79,20.85,20.495,20.62,2580622.0,20056.0,20.610312
STWD,2024-05-17 04:00:00+00:00,20.69,20.77,20.5701,20.74,1460027.0,12770.0,20.717956
STWD,2024-05-20 04:00:00+00:00,20.74,20.77,20.42,20.42,1676542.0,12218.0,20.525212
STWD,2024-05-21 04:00:00+00:00,20.39,20.455,20.18,20.21,2965718.0,19104.0,20.258523
STWD,2024-05-22 04:00:00+00:00,20.13,20.26,19.94,19.97,2016529.0,14643.0,20.050244
STWD,2024-05-23 04:00:00+00:00,20.02,20.02,19.145,19.22,4684811.0,30401.0,19.403372
STWD,2024-05-24 04:00:00+00:00,18.97,19.22,18.87,18.94,5464222.0,31176.0,18.97818
STWD,2024-05-28 04:00:00+00:00,18.98,19.2,18.76,18.84,2443073.0,19614.0,18.89773
STWD,2024-05-29 04:00:00+00:00,18.65,18.7,18.43,18.61,2648038.0,23395.0,18.576
STWD,2024-05-30 04:00:00+00:00,18.75,18.99,18.725,18.96,1713606.0,14138.0,18.912379
STWD,2024-05-31 04:00:00+00:00,19.0,19.45,18.93,19.44,3128831.0,17936.0,19.341545
STWD,2024-06-03 04:00:00+00:00,19.59,19.5942,19.38,19.58,2599836.0,15416.0,19.528391
STWD,2024-06-04 04:00:00+00:00,19.5,19.555,19.31,19.32,1856281.0,13093.0,19.393163
STWD,2024-06-05 04:00:00+00:00,19.45,19.455,19.2361,19.34,2128423.0,12266.0,19.31571
STWD,2024-06-06 04:00:00+00:00,19.26,19.38,19.165,19.17,1205427.0,10174.0,19.221786
STWD,2024-06-07 04:00:00+00:00,19.08,19.08,18.78,18.94,2553813.0,18577.0,18.889753
STWD,2024-06-10 04:00:00+00:00,18.8,19.11,18.74,18.99,1569279.0,14801.0,18.968199
STWD,2024-06-11 04:00:00+00:00,18.86,18.94,18.65,18.66,2717393.0,17183.0,18.720038
STWD,2024-06-12 04:00:00+00:00,19.26,19.26,19.025,19.1,3257370.0,22022.0,19.1294
STWD,2024-06-13 04:00:00+00:00,19.03,19.14,18.93,19.1,1852332.0,15009.0,19.057076
STWD,2024-06-14 04:00:00+00:00,19.0,19.295,18.96,19.25,1722875.0,13339.0,19.188648
STWD,2024-06-17 04:00:00+00:00,19.19,19.43,19.14,19.42,973761.0,12405.0,19.329578
STWD,2024-06-18 04:00:00+00:00,19.42,19.4998,19.305,19.35,1332624.0,12617.0,19.363288
STWD,2024-06-20 04:00:00+00:00,19.3,19.44,19.28,19.34,1939238.0,13200.0,19.353059
STWD,2024-06-21 04:00:00+00:00,19.34,19.39,19.22,19.34,3244530.0,13845.0,19.324626
STWD,2024-06-24 04:00:00+00:00,19.42,19.62,19.38,19.48,1659805.0,12495.0,19.518053
STWD,2024-06-25 04:00:00+00:00,19.39,19.44,19.2,19.2,1840377.0,13051.0,19.281024
STWD,2024-06-26 04:00:00+00:00,19.15,19.26,19.08,19.24,1972568.0,13021.0,19.18056
STWD,2024-06-27 04:00:00+00:00,19.23,19.26,18.95,19.15,2256877.0,18125.0,19.065435
STWD,2024-06-28 04:00:00+00:00,18.8,18.995,18.74,18.94,2757640.0,15637.0,18.880183
STWD,2024-07-01 04:00:00+00:00,18.97,19.01,18.6,18.75,2871563.0,16876.0,18.724426
STWD,2024-07-02 04:00:00+00:00,18.72,19.045,18.69,19.0,1613821.0,11695.0,18.943546
STWD,2024-07-03 04:00:00+00:00,19.05,19.135,18.9,18.93,895988.0,7405.0,18.998299
STWD,2024-07-05 04:00:00+00:00,18.9,18.9082,18.73,18.81,3090588.0,13155.0,18.810501
STWD,2024-07-08 04:00:00+00:00,18.88,19.06,18.84,19.04,1908240.0,12105.0,19.01355
STWD,2024-07-09 04:00:00+00:00,19.0,19.17,18.91,19.08,1290643.0,12048.0,19.076558
STWD,2024-07-10 04:00:00+00:00,19.12,19.3,19.055,19.29,1641761.0,13372.0,19.234965
STWD,2024-07-11 04:00:00+00:00,19.56,19.8,19.45,19.7,2575497.0,15852.0,19.675284
STWD,2024-07-12 04:00:00+00:00,19.8,20.05,19.745,19.8,3949959.0,23057.0,19.886271
STWD,2024-07-15 04:00:00+00:00,19.88,20.06,19.785,19.92,2790794.0,18825.0,19.913311
STWD,2024-07-16 04:00:00+00:00,20.02,20.21,19.88,20.18,2714931.0,15710.0,20.113243
STWD,2024-07-17 04:00:00+00:00,20.06,20.41,20.06,20.37,1773876.0,13989.0,20.333572
STWD,2024-07-18 04:00:00+00:00,20.27,20.635,20.125,20.21,2666245.0,18696.0,20.357669
STWD,2024-07-19 04:00:00+00:00,20.25,20.51,20.15,20.27,2006209.0,15377.0,20.279006
STWD,2024-07-22 04:00:00+00:00,20.3,20.43,20.165,20.29,2008818.0,14092.0,20.302409
STWD,2024-07-23 04:00:00+00:00,20.23,20.6,20.23,20.51,1414680.0,12688.0,20.512887
STWD,2024-07-24 04:00:00+00:00,20.15,20.23,19.525,19.58,3672160.0,25395.0,19.766286
STWD,2024-07-25 04:00:00+00:00,19.64,19.9699,19.47,19.63,2106123.0,18518.0,19.688077
STWD,2024-07-26 04:00:00+00:00,19.89,19.9,19.51,19.9,1833301.0,13202.0,19.785928
STWD,2024-07-29 04:00:00+00:00,19.92,20.0365,19.88,19.94,1154026.0,9761.0,19.955203
STWD,2024-07-30 04:00:00+00:00,20.0,20.14,19.98,20.1,1607185.0,14921.0,20.068462
STWD,2024-07-31 04:00:00+00:00,20.1,20.23,19.92,19.95,1904475.0,15955.0,20.022954
STWD,2024-08-01 04:00:00+00:00,20.02,20.04,19.48,19.61,2266227.0,16247.0,19.646468
STWD,2024-08-02 04:00:00+00:00,19.52,19.58,19.2,19.36,2312111.0,17579.0,19.378343
STWD,2024-08-05 04:00:00+00:00,18.75,19.22,18.53,18.84,4495142.0,31175.0,18.940529
STWD,2024-08-06 04:00:00+00:00,18.88,19.53,18.68,19.35,2785994.0,20013.0,19.233065
STWD,2024-08-07 04:00:00+00:00,19.7,19.75,19.33,19.33,2599632.0,15815.0,19.445121
STWD,2024-08-08 04:00:00+00:00,19.47,19.7,19.4,19.56,1909133.0,15383.0,19.570997
STWD,2024-08-09 04:00:00+00:00,19.63,19.655,19.45,19.53,1214617.0,9550.0,19.524785
STWD,2024-08-12 04:00:00+00:00,19.54,19.59,19.16,19.23,1675186.0,12738.0,19.258309
STWD,2024-08-13 04:00:00+00:00,19.4,19.555,19.299,19.47,1300518.0,10025.0,19.443195
STWD,2024-08-14 04:00:00+00:00,19.6,19.65,19.465,19.61,1091128.0,9561.0,19.579381
STWD,2024-08-15 04:00:00+00:00,19.8,19.87,19.69,19.75,1700589.0,12208.0,19.790004
STWD,2024-08-16 04:00:00+00:00,19.75,19.89,19.75,19.81,977151.0,8951.0,19.822779
STWD,2024-08-19 04:00:00+00:00,19.86,20.02,19.85,20.01,1267597.0,9277.0,19.960878
STWD,2024-08-20 04:00:00+00:00,19.98,20.0019,19.845,19.91,1551603.0,9486.0,19.914735
STWD,2024-08-21 04:00:00+00:00,20.03,20.07,19.8613,20.05,1204113.0,11278.0,19.984636
STWD,2024-08-22 04:00:00+00:00,20.07,20.17,19.98,20.08,1295769.0,11479.0,20.077254
STWD,2024-08-23 04:00:00+00:00,20.2,20.4274,20.105,20.4,1683736.0,14633.0,20.327205
STWD,2024-08-26 04:00:00+00:00,20.5,20.65,20.43,20.55,1756029.0,11936.0,20.549179
STWD,2024-08-27 04:00:00+00:00,20.4,20.535,20.4,20.49,1236029.0,10551.0,20.482885
STWD,2024-08-28 04:00:00+00:00,20.54,20.73,20.5,20.61,1582140.0,12115.0,20.608245
STWD,2024-08-29 04:00:00+00:00,20.7,20.805,20.51,20.71,1232379.0,11481.0,20.693792
STWD,2024-08-30 04:00:00+00:00,20.75,20.87,20.67,20.84,1380990.0,9982.0,20.803562
STWD,2024-09-03 04:00:00+00:00,20.74,20.81,20.47,20.55,1811048.0,14855.0,20.580382
STWD,2024-09-04 04:00:00+00:00,19.69,19.82,19.55,19.68,17545355.0,90834.0,19.686233
STWD,2024-09-05 04:00:00+00:00,19.83,20.085,19.75,19.92,12050029.0,60318.0,19.92905
STWD,2024-09-06 04:00:00+00:00,19.93,19.96,19.65,19.65,4798291.0,27765.0,19.73671
STWD,2024-09-09 04:00:00+00:00,19.76,19.81,19.6,19.77,2885283.0,19467.0,19.727214
STWD,2024-09-10 04:00:00+00:00,19.8,19.8,19.51,19.7,2483735.0,18351.0,19.646624
STWD,2024-09-11 04:00:00+00:00,19.6,19.66,19.33,19.55,2435165.0,18342.0,19.512769
STWD,2024-09-12 04:00:00+00:00,19.6,19.93,19.555,19.92,3363072.0,16438.0,19.772978
STWD,2024-09-13 04:00:00+00:00,20.01,20.21,19.99,20.2,3975023.0,20893.0,20.137521
STWD,2024-09-16 04:00:00+00:00,20.3,20.45,20.15,20.42,2674667.0,19358.0,20.33894
STWD,2024-09-17 04:00:00+00:00,20.5,20.6,20.43,20.56,1684105.0,15694.0,20.550052
STWD,2024-09-18 04:00:00+00:00,20.68,20.89,20.55,20.79,2792412.0,19358.0,20.720235
STWD,2024-09-19 04:00:00+00:00,21.0,21.17,20.865,21.11,2818286.0,16851.0,21.07818
STWD,2024-09-20 04:00:00+00:00,21.06,21.12,20.915,20.96,3997686.0,16166.0,20.985656
STWD,2024-09-23 04:00:00+00:00,21.1,21.1,20.815,20.86,2243420.0,17239.0,20.878985
STWD,2024-09-24 04:00:00+00:00,20.9,21.035,20.85,20.92,2382786.0,13450.0,20.944761
STWD,2024-09-25 04:00:00+00:00,20.92,20.94,20.46,20.49,2501071.0,17163.0,20.591508
STWD,2024-09-26 04:00:00+00:00,20.64,20.725,20.455,20.71,2020444.0,13518.0,20.6637
STWD,2024-09-27 04:00:00+00:00,20.95,20.95,20.605,20.81,2225985.0,13711.0,20.784023
STWD,2024-09-30 04:00:00+00:00,20.28,20.415,20.1871,20.38,1842701.0,14467.0,20.3391
STWD,2024-10-01 04:00:00+00:00,20.3,20.34,19.9301,20.03,2636422.0,16112.0,20.06001
STWD,2024-10-02 04:00:00+00:00,20.0,20.04,19.83,19.92,2627040.0,13569.0,19.916027
STWD,2024-10-03 04:00:00+00:00,19.85,19.945,19.66,19.86,2063961.0,13626.0,19.844224
STWD,2024-10-04 04:00:00+00:00,20.0,20.06,19.88,19.97,2006020.0,14889.0,19.961797
STWD,2024-10-07 04:00:00+00:00,19.86,19.9249,19.55,19.68,3679436.0,15268.0,19.67913
STWD,2024-10-08 04:00:00+00:00,19.7,19.84,19.61,19.79,1724604.0,11959.0,19.757991
STWD,2024-10-09 04:00:00+00:00,19.74,19.88,19.67,19.78,1565301.0,9164.0,19.791341
STWD,2024-10-10 04:00:00+00:00,19.72,19.825,19.65,19.75,1943829.0,12306.0,19.75469
STWD,2024-10-11 04:00:00+00:00,19.75,19.84,19.69,19.74,1691349.0,11395.0,19.736611
STWD,2024-10-14 04:00:00+00:00,19.77,20.04,19.71,19.99,2067356.0,12030.0,19.932823
STWD,2024-10-15 04:00:00+00:00,20.07,20.12,19.98,20.02,3760154.0,18672.0,20.046459
STWD,2024-10-16 04:00:00+00:00,20.18,20.35,20.11,20.31,2183672.0,12154.0,20.291303
STWD,2024-10-17 04:00:00+00:00,20.31,20.3886,20.27,20.28,2391397.0,13070.0,20.307198
STWD,2024-10-18 04:00:00+00:00,20.33,20.35,20.17,20.32,1278961.0,11087.0,20.280518
STWD,2024-10-21 04:00:00+00:00,20.3,20.31,19.79,19.8,2525397.0,17280.0,19.907495
STWD,2024-10-22 04:00:00+00:00,19.81,19.9299,19.72,19.86,1539676.0,11555.0,19.847922
STWD,2024-10-23 04:00:00+00:00,19.75,19.9799,19.705,19.87,1722965.0,11412.0,19.846022
STWD,2024-10-24 04:00:00+00:00,19.86,20.05,19.8475,20.0,1627939.0,10376.0,19.983571
STWD,2024-10-25 04:00:00+00:00,20.09,20.14,19.87,19.89,1612121.0,9826.0,19.950955
STWD,2024-10-28 04:00:00+00:00,19.99,20.08,19.93,19.95,1622180.0,11269.0,19.977913
STWD,2024-10-29 04:00:00+00:00,19.89,19.95,19.67,19.9,1823315.0,12778.0,19.884885
STWD,2024-10-30 04:00:00+00:00,19.92,20.235,19.9,20.13,1477078.0,11532.0,20.134552
STWD,2024-10-31 04:00:00+00:00,20.07,20.091,19.72,19.74,1759522.0,11253.0,19.839428
STWD,2024-11-01 04:00:00+00:00,19.93,19.9889,19.66,19.73,1615907.0,14494.0,19.792659
STWD,2024-11-04 05:00:00+00:00,19.8,19.8599,19.66,19.68,1907058.0,14637.0,19.72508
STWD,2024-11-05 05:00:00+00:00,19.66,19.71,19.52,19.67,3344178.0,21255.0,19.619492
STWD,2024-11-06 05:00:00+00:00,20.0,20.1784,19.208,19.4,4925023.0,31110.0,19.449499
STWD,2024-11-07 05:00:00+00:00,19.43,19.64,19.405,19.45,3615454.0,20298.0,19.483488
STWD,2024-11-08 05:00:00+00:00,19.47,19.71,19.45,19.5,2938396.0,20602.0,19.571422
STWD,2024-11-11 05:00:00+00:00,19.58,19.72,19.53,19.55,2355578.0,15501.0,19.583959
STWD,2024-11-12 05:00:00+00:00,19.51,19.535,19.27,19.3,2205878.0,17264.0,19.351444
STWD,2024-11-13 05:00:00+00:00,19.43,19.52,19.34,19.44,1679442.0,15041.0,19.435624
STWD,2024-11-14 05:00:00+00:00,19.45,19.635,19.45,19.56,3270034.0,19987.0,19.534036
STWD,2024-11-15 05:00:00+00:00,19.55,19.67,19.42,19.47,2307464.0,14137.0,19.486776
STWD,2024-11-18 05:00:00+00:00,19.45,19.6,19.375,19.56,1389577.0,11871.0,19.546079
STWD,2024-11-19 05:00:00+00:00,19.4,19.76,19.4,19.75,1354492.0,11851.0,19.696438
STWD,2024-11-20 05:00:00+00:00,19.7,19.82,19.615,19.75,1485606.0,11818.0,19.731561
STWD,2024-11-21 05:00:00+00:00,19.75,19.93,19.75,19.91,1567946.0,12277.0,19.868963
STWD,2024-11-22 05:00:00+00:00,19.96,20.02,19.89,19.92,1878252.0,14514.0,19.943769
STWD,2024-11-25 05:00:00+00:00,20.11,20.335,20.08,20.24,2879239.0,17395.0,20.221463
STWD,2024-11-26 05:00:00+00:00,20.13,20.21,19.985,20.17,1747593.0,13971.0,20.132993
STWD,2024-11-27 05:00:00+00:00,20.26,20.415,20.24,20.3,1722715.0,13583.0,20.326576
STWD,2024-11-29 05:00:00+00:00,20.36,20.45,20.335,20.37,915212.0,7723.0,20.389912
STWD,2024-12-02 05:00:00+00:00,20.37,20.41,20.155,20.29,1450498.0,13362.0,20.286043
STWD,2024-12-03 05:00:00+00:00,20.38,20.38,19.96,20.0,1821088.0,13826.0,20.066708
STWD,2024-12-04 05:00:00+00:00,20.0,20.0899,19.93,19.96,1450324.0,10913.0,19.977175
STWD,2024-12-05 05:00:00+00:00,20.0,20.0552,19.93,19.97,1269603.0,10744.0,19.974989
STWD,2024-12-06 05:00:00+00:00,20.08,20.14,20.02,20.08,1246564.0,11810.0,20.078126
STWD,2024-12-09 05:00:00+00:00,20.17,20.4495,20.12,20.3,2292992.0,16720.0,20.350583
STWD,2024-12-10 05:00:00+00:00,20.3,20.35,20.08,20.22,1305671.0,11115.0,20.244496
STWD,2024-12-11 05:00:00+00:00,20.33,20.38,20.0819,20.16,1475793.0,10546.0,20.162937
STWD,2024-12-12 05:00:00+00:00,20.18,20.31,20.12,20.24,1527446.0,10251.0,20.239139
STWD,2024-12-13 05:00:00+00:00,20.2,20.25,20.11,20.14,1341511.0,11122.0,20.158231
STWD,2024-12-16 05:00:00+00:00,20.1,20.38,20.07,20.18,1561562.0,14866.0,20.242904
STWD,2024-12-17 05:00:00+00:00,20.09,20.26,19.82,19.85,2099094.0,16959.0,19.946711
STWD,2024-12-18 05:00:00+00:00,19.89,20.07,19.15,19.17,5115844.0,28920.0,19.626891
STWD,2024-12-19 05:00:00+00:00,19.52,19.6399,19.04,19.06,4124348.0,24390.0,19.233795
STWD,2024-12-20 05:00:00+00:00,19.0,19.57,19.0,19.39,5058481.0,19615.0,19.352605
STWD,2024-12-23 05:00:00+00:00,19.3,19.36,19.08,19.28,2323550.0,20514.0,19.215215
STWD,2024-12-24 05:00:00+00:00,19.23,19.54,19.17,19.5,1026215.0,7678.0,19.39351
STWD,2024-12-26 05:00:00+00:00,19.43,19.5,19.36,19.41,1934602.0,13262.0,19.41568
STWD,2024-12-27 05:00:00+00:00,19.36,19.53,19.25,19.3,1779391.0,14531.0,19.331793
STWD,2024-12-30 05:00:00+00:00,19.26,19.27,18.98,19.2,2482741.0,16006.0,19.178752
STWD,2024-12-31 05:00:00+00:00,18.92,19.07,18.8,18.95,3397499.0,17475.0,18.952874
STWD,2025-01-02 05:00:00+00:00,19.0,19.15,18.945,19.05,2268114.0,19821.0,19.043822
STWD,2025-01-03 05:00:00+00:00,19.07,19.43,19.065,19.37,2469229.0,18835.0,19.315959
STWD,2025-01-06 05:00:00+00:00,19.41,19.445,19.14,19.15,1932101.0,15793.0,19.277284
